말머리,제목,닉네임,본문,글 링크
[💭일반],아 바보삼 그립감 지리긴하네,포브쿤,"
그래서 프로 언제  - dc official App
","/mgallery/board/view/?id=mouse&no=655111&search_head=0&page=1
"
말머리,제목,닉네임,본문,글 링크
[💭일반],파마무 포세이돈 16마넌에 살만함?,젖은피자,"
당근에 있던데 먹을만한가?- dc official App
","/mgallery/board/view/?id=mouse&no=655110&search_head=0&page=1
"
말머리,제목,닉네임,본문,글 링크
[💭일반],콘울 샀는데 어떰?,치노,"
이번에 304 무선 휠 고장내고 피트 교체했 는데 존내 뻑뻑해서 사용을 못하겠어서 임시로 502 히로 쓰고있는데 더블클릭+ 존나 무거워서 마우스 중고로 하나 임시+존버용으로 쓰려고 콘울 중고로 하나 샀는데 괜찮음 아직? 쉘 모양 맘에 들어서 이거 맘에 들면 이걸로 콘울 무선 존버할거임근데 중고라 더블클릭 걱정되네 
","/mgallery/board/view/?id=mouse&no=655109&search_head=0&page=1
"
말머리,제목,닉네임,본문,글 링크
[💭일반],하티플 청소 어케함 ?? ㅠㅠ,ㅇㅇ,"
먼지 넘 많은데 ㅠㅠ
","/mgallery/board/view/?id=mouse&no=655108&search_head=0&page=1
"
말머리,제목,닉네임,본문,글 링크
[💭일반],나는 왜 4k 리시버를 샀을까?,illillili,"
뭔 차이인지 전혀 모르겠다 하아...  - dc official App
","/mgallery/board/view/?id=mouse&no=655107&search_head=0&page=1
"
말머리,제목,닉네임,본문,글 링크
[💭일반],프라임 유선이 정말 잘만든새끼야,xehc,"
최신주차는 클릭압도 가벼움  딱 적당한 무게 70그램 단점은 좆같은 케이블과 접착력 좆구린 피트뿐임   - dc official App
","/mgallery/board/view/?id=mouse&no=655106&search_head=0&page=1
"
말머리,제목,닉네임,본문,글 링크
[💭일반],체리 키보드 샀는데,ㅇㅇ,"
Cherry G80-3000S TKL 이거 샀는데 소프트웨어 꼭 써야됨? led도 없는 제품이고 매크로도 사용을 안해서..쓰는거랑 안쓰는거랑 성능적으로 달라?
","/mgallery/board/view/?id=mouse&no=655105&search_head=0&page=1
"
말머리,제목,닉네임,본문,글 링크
[💭일반],dpi 400쓰면은 인터넷 갤질할때 안불편해?,온노기,"
게임할때만 400쓰는건가 궁금해서 물어봄.. 
","/mgallery/board/view/?id=mouse&no=655104&search_head=0&page=1
"
말머리,제목,닉네임,본문,글 링크
[💭일반],4k 안쓸꺼면서 4k동글 왜사는거임 ㅋㅋㅋ,ㅇㅇ,"
1k 쓰는데 4k 동글을 왜삼ㅋㅋ 호구임?144hz 모니터로 60hz로 설정해서 돌리는거랑 뭐가달라성능차이 느낀다? ㅈㄹㄴㄴ
","/mgallery/board/view/?id=mouse&no=655103&search_head=0&page=1
"
말머리,제목,닉네임,본문,글 링크
[💭일반],F1 MOBA VS 지슈라ㅓ,ㅇㅇ,"
일본에서 지슈라샀는데 저번에 주문한 F1 MOBA가 와버림 .. 뭐부터써야할까
","/mgallery/board/view/?id=mouse&no=655102&search_head=0&page=1
"
말머리,제목,닉네임,본문,글 링크
[💭일반],어떻게 펄사 출시 미룬게 실베 ㅋㅋㅋㅋㅋㅋㅋㅋ,ㅇㅇ윾동,"
좃지텍같은 곳도 아니라 댓글도 안달리네 ㅋㅋㅋㅋㅋㅋ
","/mgallery/board/view/?id=mouse&no=655101&search_head=0&page=1
"
말머리,제목,닉네임,본문,글 링크
[💭일반],지슈라 마렵다,ㅇㅇ,"
잊을만하면 떠오르는 그년..
","/mgallery/board/view/?id=mouse&no=655100&search_head=0&page=1
"
말머리,제목,닉네임,본문,글 링크
[💭일반],페르세우스 쥑이네,ㅇㅇ,"
데브삼 피트 아무리 교체해도 너무 날리는 느낌이라서패드를 gsr루즈에서 페르세우스 에센셜로 교체함브레이킹감 적당하고 좋은듯 데브삼이 ㅈㄴ 날리는 느낌이라서 그걸 잡아줌다른 마우스로 사용하면 브레이킹감 더 심해지긴할듯 gsr2, gsr 보다 더 브레이킹한거 같아 패드여행도 6번정도 했는데 끝난듯
","/mgallery/board/view/?id=mouse&no=655099&search_head=0&page=1
"
말머리,제목,닉네임,본문,글 링크
[💭일반],a950g 연결하면 렉 걸리는거 정상임..?,나쁜놈,"
마우스가 움직이긴 하는데 1초에 한번씩 끊킴이거 잘못 뽑은거임?게임은 발로란트함
","/mgallery/board/view/?id=mouse&no=655098&search_head=0&page=1
"
말머리,제목,닉네임,본문,글 링크
[💭일반],마우스패드 큰거 추천점,ㅇㅇ,"
qck 3xl 쓰는데 너무 오래쓰기도 했고 더러워서 바꿀라고 하는데 장패드는 아닌데 큰 패드 추천 점..
","/mgallery/board/view/?id=mouse&no=655097&search_head=0&page=1
"
말머리,제목,닉네임,본문,글 링크
[💭일반],짱마우스 비대칭 없음?,ㅇㅇ,"
데스에더 v2x 더블클릭와서 바꾸려는데짱마우스는 비대칭이 안 보이네
","/mgallery/board/view/?id=mouse&no=655095&search_head=0&page=1
"
말머리,제목,닉네임,본문,글 링크
[💭일반],공격상어 한달도안썼는데 벌써 번들거리려하네,ㅇㅇ,"
첫 충전한거 다 쓰기도 전인데 ㅋㅋㅋㅋ처음 코팅 촉감 나름 ㄱㅊ했는데싸구려는 싸구려구나
","/mgallery/board/view/?id=mouse&no=655094&search_head=0&page=1
"
말머리,제목,닉네임,본문,글 링크
[💭일반],"오늘 일렉가서 데스에더v3 사려는데, 일련번호 확인??",감차,"
뭐 일련번호 같은거 확인이 가능하다는데, 몇 년도에 생산된건지그거 어떻게 확인가능한가여 ?어제 일렉 가보니 투명한 통에 데스에더 박스가 들어가있더라구요이 상태로 확인가능?
","/mgallery/board/view/?id=mouse&no=655093&search_head=0&page=1
"
말머리,제목,닉네임,본문,글 링크
[💭일반],유무선 레이턴시가 30배 정도 차이남,ㅇㅇ,"
유선 0.15ms 2.4ghz 무선 이상적 환경에서 3-5ms그리고 이번에 나오는 짱개칩이 0.25ms 정도 나온다 하고
","/mgallery/board/view/?id=mouse&no=655092&search_head=0&page=1
"
말머리,제목,닉네임,본문,글 링크
[💭일반],유키에임 지금 내부고발터졌는데 키보드 ㄱㅊ나,리리아,"
https://rentry.co/yukiaimstatementjp지금도 아니다 10일 지났는데 괜찮으려나 뭐 제대로 물량 들어오기나할까 대충 요약하자면 miyu 라는 놈이 원래 자기가 유키에임 처음 설립했다고 주장함miyu가 초창기에 지 혼자서는 관리어려우니까 유키에임 디152스코드, 트15위터에 관리자를 모집함 그 중 최고관리자 2명(senzeeh, huddled)이 miyu를 통수치고 회사 꿀꺽하려고 각재다가 폭로당함 
","/mgallery/board/view/?id=mouse&no=655091&search_head=0&page=1
"
말머리,제목,닉네임,본문,글 링크
[💭일반],녹화할때 손캠 찍은거,PureJin,"
내가 봐도 그립 좆같긴하구만...- dc official App
","/mgallery/board/view/?id=mouse&no=655090&search_head=0&page=1
"
말머리,제목,닉네임,본문,글 링크
[💭일반],파마무 오더넘버 232인데 언제받녀..,ㅇㅇ,"
10월초에 보냈으면 진작 쓰고있었겠네 
","/mgallery/board/view/?id=mouse&no=655089&search_head=0&page=1
"
말머리,제목,닉네임,본문,글 링크
[💭일반],중고로 바슈라 8만에 가져왔다,backlot,"
5달쯤 쓴거라는데 완전히 믿을수는 없겠지만 문제는 없으니 좋고손크기 22 12 11쯤이였나 롤할땐 핑거로 잡음지슈라 덥클나서 스위치 교체도 했었는데 이번엔 휠튐이 심해져서 그냥 바꿈롤하면 102나 304쓰라고하는데 아무리 핑거라도 저 손으로 102잡으면 손가락 찝혀서 안됨1 이미지 순서 ON2 이미지 순서 ON3 이미지 순서 ON4 이미지 순서 ON5 이미지 순서 ON
","/mgallery/board/view/?id=mouse&no=655088&search_head=0&page=1
"
말머리,제목,닉네임,본문,글 링크
[💭일반],하티플 ㅅ11발,ㅇㅇ,"
펌웨어 업뎃 시키는대로 다했는데 안움직이네 이 미친마우스 
","/mgallery/board/view/?id=mouse&no=655087&search_head=0&page=1
"
말머리,제목,닉네임,본문,글 링크
[💭일반],헤이스트 보유 g102 어제 구매 했는데 잠자리 사볼까?,챙겨,"
티몬에 모바 리시버 포함 5.8 떴던데고민이네
","/mgallery/board/view/?id=mouse&no=655086&search_head=0&page=1
"
말머리,제목,닉네임,본문,글 링크
[💭일반],dpi 저감도 중감도 고감도 기준이 뭐임,온노기,"
1600 쓰면 중감돈가 
","/mgallery/board/view/?id=mouse&no=655085&search_head=0&page=1
"
말머리,제목,닉네임,본문,글 링크
[💭일반],세계적인 선수들은 대부분,ㅇㅇ,"
지슈라쓰고 간간히 조위 벡시 레이저더라..펄사 람주 xtrfy zaopin? 지울브스 엔드게임 글로리어스 이런회사들처럼작은 마우스만드는 회사들꺼 쓰는 프로는 안보이던데그냥 별로 바꿀필요성을 못느껴서 그런건가 아니면 손작은 프로게이머가 별로없나
","/mgallery/board/view/?id=mouse&no=655084&search_head=0&page=1
"
말머리,제목,닉네임,본문,글 링크
[💭일반],솔직히 가벼운 파라코드에 번지 쓰면,광붕이기야노데스웅차,"
40센치 이하 감도까진 무선이나 다를거 없음 나같이 35 이하에 특이취향이면 통고무선도 상관없고 
","/mgallery/board/view/?id=mouse&no=655083&search_head=0&page=1
"
말머리,제목,닉네임,본문,글 링크
[💭일반],도저히 못참겠다,xehc,"
크아악  - dc official App
","/mgallery/board/view/?id=mouse&no=655082&search_head=0&page=1
"
말머리,제목,닉네임,본문,글 링크
[💭일반],np01s vs 람쏜,NVY,"
뭐살까 np01s 중고로 살라했는데 매물이 읍스  - dc official App
","/mgallery/board/view/?id=mouse&no=655081&search_head=0&page=1
"
말머리,제목,닉네임,본문,글 링크
[💭일반],난 반강제 슬라패드인데 ㅅㅂ,가람큰사,"
집에 키우는 좆냥이 두마리가 직물패드 보면 올라가서 다 긁어놓음ㅋㅋㅋㅋㅋㅋㅋㅋ원래 새턴 프로로 졸업했었는데 좆냥이쉑들 새벽마다 올라가서 다 긁어놔서 마우스 트래킹하면 발톱자국때문에 에임승천함
","/mgallery/board/view/?id=mouse&no=655080&search_head=0&page=1
"
말머리,제목,닉네임,본문,글 링크
[💭일반],잠자리 4k 동글 대충 보고 사다 좆될뻔,ㅇㅇ,"
ㄹㅇ
","/mgallery/board/view/?id=mouse&no=655079&search_head=0&page=1
"
[💭일반],로지텍 마우스 찌걱거리는데 wd 뿌려도 됨?,ㅇㅇ,"
올해 3월에 구매한 지프로 유선 정품인데 컴퓨터 오랜만에 켜서 마우스 잡으면 일단 안찌걱 거리는데롤 한두판 하다보면 양쪽 다 찌걱 찌걱 거려서 분필에 손톱 긁는 느낌마냥 소름돋는데이거 WD 뿌리면 뭔가 괜찮아질거같은데뿌려도 됨?뿌렸다가 마우스 ㅈ창 나면 걍 빅스마일데이때 새제품 하나 더 구매
","/mgallery/board/view/?id=mouse&no=655078&search_head=0&page=1
"
[💭일반],밥패드 브레이킹 왜 욕먹음??,ㅇㅇ,"
개인적으로 ROCCAT KONE PRO AIR + 밥패드 브레이킹 인생 조합으로 쓰고 있는데 왜 욕먹음? 진짜 몰라서 물어봄. 내가 모르는 단점이 있나 싶어서. 
","/mgallery/board/view/?id=mouse&no=655077&search_head=0&page=1
"
[💭일반],님덜 레이저 기간투스 패드 내구성 어떤편임?,ㅇㅇ,"
퀵헤비랑 기간투스 중에 고민중인데 뭐가 더 괜찮나요?
","/mgallery/board/view/?id=mouse&no=655075&search_head=0&page=1
"
[💭일반],솔직히 유선 무선 체감 됨?,챙겨,"
무선은 좆구린 것만 써보고유선은 하이스펙이 헤이스트2인데헤이스트 써보니까 진짜 존나 가볍고 좋더라고근데 무선 체감이 되냐?진짜 궁금하네 잠자리 할인하던데 사볼까
","/mgallery/board/view/?id=mouse&no=655074&search_head=0&page=1
"
[💭일반],지슈라 > xe무 넘어감 후기,ㅇㅇ,"
17 10 10 전형적인 치와와지만개잡식성으로 x2v2 민희부터 데브삼까지그냥 골고루 다 먹는놈임 최근에 펄사꺼 쓰다가 지슈라 그리워서지슈라 사용하는데 클릭압이 갑자기 신경쓰이면서살짝큰느낌을 지울수가없어서 xe무도 추가구매결과적으로는 만족 지슈라에비해 등은 큰 차이없는것같은데엉덩이가 푹 내려가있는 그립감경쟁모드 모션싱크 키니까 1k > 4k는 못느꼇는데센서빠릿빠릿한게 확 와닿음 메인마우스로 손색없는듯!
","/mgallery/board/view/?id=mouse&no=655073&search_head=0&page=1
"
[💭일반],씨이발 헤이스트2 언제 할인하냐고,챙겨,"
유선 말이야 유선 ㅠㅠㅠ씨발 할인 좀ㅎ ㅐ주세요
","/mgallery/board/view/?id=mouse&no=655072&search_head=0&page=1
"
[💭일반],콰오아 에센셜 못기다리고 질렀다,op1goat,"
지금까지 패드gsr gsr2 gsr루즈 g640 골리아투스컨트롤 하엑퓨s 벡시pa사신 주작 정도 써봤는데gsr루즈가 가장 만족스럽고표면 부드러운 밸슬이 잘맞는거 같아서 es2, p-51, 콰오아 에센셜 고민하다가es2는 걍 펄사꺼라 믿음 안가고 오버로크ㅂㄹ일꺼같아서 패스에센셜 사고싶었지만 이번주금이나 다음주 들어온대서 못참고퓨어트랙 p-51 지름기대된다. pa, g640처럼 땀 좀만 나면 늪되는 느낌만 아니였음 좋겠다.
","/mgallery/board/view/?id=mouse&no=655071&search_head=0&page=1
"
[💭일반],벡시 씹덕패드 괜히 산듯,ㅇㅇ,"
이번에 씹덕패드 ㅈㄴ 압도적으로 뽑히는거 보고 앞으로 공모전에서 씹덕패드 계속 나올텐데 이번꺼보다 더 이쁜거 나올거 생각하면 굳이 안사도 됐을듯 근데 좆냥이 패드는 후회없다 그냥 볼때마다 웃음벨ㅋㅋ 
","/mgallery/board/view/?id=mouse&no=655070&search_head=0&page=1
"
[💭일반],데브삼 쓰는사람중에 바코드 부분에 피트 diy로 붙인사람 있음?,ㅇㅇ,"
ㅇㅇ
","/mgallery/board/view/?id=mouse&no=655069&search_head=0&page=1
"
[💭일반],방금 m3s pro 4k 배송 메세지 떴다!!!,ㅇㅇ,"
오늘온다고 하네 기대된다 핑크로 시켰는데 제발 반만 가자  - dc official App
","/mgallery/board/view/?id=mouse&no=655067&search_head=0&page=1
"
[💭일반],바실리스크 이건 손크기 작은사람이 써도되는거야?,ㅇㅇ,"
바실리스크 이건 손크기 작은사람이 써도되는거야? 
","/mgallery/board/view/?id=mouse&no=655066&search_head=0&page=1
"
[💭일반],파마 산애들 앞자리 몇이냐,nR,"
난 225라 내년 삘이다..6시 4분결제인데 225까지 밀리는거 보면해외배송은 후순위라 그런듯열리자마자 샀는데도 꽤 밀리네
","/mgallery/board/view/?id=mouse&no=655065&search_head=0&page=1
"
[💭일반],일본 놀러갔다옴,ㅇㅇ,"
보기엔 비싸보이는데 지금 환율에 면세까지하면 그리 차이 안남볼거없더라아티산 패드 제로는 제일 큰사이즈 말고 없어서 안사옴- dc official App
","/mgallery/board/view/?id=mouse&no=655064&search_head=0&page=1
"
[💭일반],잠자리 그거 결국 값싼 쓰레기아님ㅋㅋ,살려줘요레바테인,"
어그로 죄송합니다.. 블루투스 지원하는 10만원 근처 버튼 4개 이상 무선 마우스 없을까요? 지금 알아본건 데스에더2 하이퍼스피드인데 이거보다 괜찮은거 있을까요? 
","/mgallery/board/view/?id=mouse&no=655058&search_head=0&page=2
"
[💭일반],gsr2 써본사람 있음? 후기좀,응아니야,"
2년반쓴 gsr 솔기올라와서 표면이 사포마냥 꺼끌꺼끌거리는데 혹시 gsr2 써본사람 있으면 후기좀  - dc official App
","/mgallery/board/view/?id=mouse&no=655057&search_head=0&page=2
"
[💭일반],xm2we 3달차 사용후기,ㅇㅇ,"
https://gall.dcinside.com/m/mouse/617088 xm2we 사용후기  - 마우스 마이너 갤러리아침에 일어나자마자 비대면 택배 와있어서 싱글벙글 언박싱하고 1시간 정도 써봤음일단 G304쓰던 사람들한테는 조금 크다고 생각될 수 있을듯난 G304쓰기 전까지는 큰 마우스를 사용해왔어서 딱히 불편함은 없는데 몇년간 gall.dcinside.com친구가 마우스 추천해달라길래 갑자기 생각나서 글싸지름xm2we 마우스 자체는 존나 잘만든거 ㅇㅈ 근데 우클말고 좌클에서 끼익? 거리는 그런 소리 날 때 있는데 그 때마다 줘패서 고쳤고 지금은 좀 잠잠해졌음그리고 클릭압 실상 오래 사용하면 크게 못 느끼는데 피씨방 같은 곳에서 다른 마우스 한번 만지면 오히려 역으로""어 씨발 이 마우스 스치기만 해도 눌리노"" <- ㄹㅇ 이렇게 됨3줄요약1.잘만듬2.좌클에 끼익거리는 소리 날 수 있음 개좆같음3.클릭압 생각보다 쓰다보면 체감X 근데 다른 마우스 쥐면 바로 역체감O
","/mgallery/board/view/?id=mouse&no=655056&search_head=0&page=2
"
[💭일반],히엔 웨이브 사이 표면 부드러운거 머ㅓ없나,RVS750,"
구하기 편한거중에- dc official App
","/mgallery/board/view/?id=mouse&no=655055&search_head=0&page=2
"
[💭일반],하티플 펌웨어 소프트웨어 어떻게 설치하나요 ?,ㅇㅇ,"
펌웨어랑소프트웨어다깔았는데클릭만되고 마우스가 안움직여
","/mgallery/board/view/?id=mouse&no=655054&search_head=0&page=2
"
[💭일반],ax는 다음주 출시임,xehc,"
내가 봄  - dc official App
","/mgallery/board/view/?id=mouse&no=655053&search_head=0&page=2
"
[💭일반],피방 장패드랑 제일 느낌 비슷한 패드 추천좀,cydayz,"
가로세로 크기가 큰 마패좀 써보고싶어서 처음 해보는건데 뉴비라 슬라이드 브레이킹 감을 잘 모르겠음 대충 피방 장패드느낌이면 다 좋을거같은데 머가좋을까?  - dc official App
","/mgallery/board/view/?id=mouse&no=655052&search_head=0&page=2
"
[💭일반],이번 Pa 크게나옴?,RVS750,"
왜 다 커보이지 원래 좇만한데- dc official App
","/mgallery/board/view/?id=mouse&no=655051&search_head=0&page=2
"
[💭일반],지금보면 i9에 4090 갔어야됐나 싶음,DarK,"
카스2 qhd 280 방어 안돼서 슬픔 해상도랑 옵션타협하면 되기야 하겠지만 이제는 찰흙이 너무 싫어졌어 
","/mgallery/board/view/?id=mouse&no=655050&search_head=0&page=2
"
[💭일반],잠자리 알리에서 사신 분,Clear11,"
9일에 샀는데 지금까지 트래킹 조차 아예 안돼문의 넣으면 인내심 가지라는데 ;;알리에서 시킨 사람 있냐
","/mgallery/board/view/?id=mouse&no=655049&search_head=0&page=2
"
[💭일반],아크티스 노바프로 어떤가요,Nurimaru7,"
마이크가 중요헌데 물처먹은거 같은, 휴대폰 스피커폰 같은 마이크음질 되게 싫어하는데 노바 프로 유선 괜찮을까?  - dc official App
","/mgallery/board/view/?id=mouse&no=655048&search_head=0&page=2
"
[💭일반],아니 내 사슴 왜 인천에서 대전으로가는데,ㅇㅇ,"
나 경기도사는데 왜 대전hub들려서와 ㅠㅠ
","/mgallery/board/view/?id=mouse&no=655047&search_head=0&page=2
"
[💭일반],x2h es는 퍼먹어보고 싶긴함,DarK,"
근데 펄브삼도 저렇게 밀리는 판에 x2h는 언제 나올지 모르겠네 
","/mgallery/board/view/?id=mouse&no=655046&search_head=0&page=2
"
[💭일반],펄브삼 es 얼마에 나올까,ㅇㅇ,"
20은 넘겠지? ㅅㅂ 
","/mgallery/board/view/?id=mouse&no=655045&search_head=0&page=2
"
[💭일반],오버워치 지슈라2 + 퀵헤비 쓰는데,ㅇㅇ,"
겐지같은건 하기 좋은데  맥크리 애쉬 히트스캔 영웅하면 에임이 손에 감기는 느낌이 없는데 패드를 뭘써야하냐...  - dc official App
","/mgallery/board/view/?id=mouse&no=655044&search_head=0&page=2
"
[💭일반],형들 502 쉘인데 버튼 많이 안달린 마우스 있을까?,ㅇㅇ,"
10만 안쪽으로 추천해주라가벼울수록 좋음!
","/mgallery/board/view/?id=mouse&no=655043&search_head=0&page=2
"
[💭일반],중고나라 할때마다 너무 스트레스 받는다,ㅇㅇ,"
네고는 차단한다고 본문에 써놨는데도 바로 네고 떄려버림 택배비빼달라고네고하는 색기들한테 문자오면 그날 기분 잡치는데 나만 그런가 싶기도함
","/mgallery/board/view/?id=mouse&no=655042&search_head=0&page=2
"
[💭일반],파마무 배송왔는데 마우스 다 깨져있으면 재밌겠네 ㅋㅋ,ㅇㅇ,"
브로큰에디션- dc official App
","/mgallery/board/view/?id=mouse&no=655041&search_head=0&page=2
"
[💭일반],파마무 왔나,ㅇㅇ,"
응 짭파마  - dc official App
","/mgallery/board/view/?id=mouse&no=655040&search_head=0&page=2
"
[💭일반],aj199 4k 버전 모션싱크 끌 수 있음??,이마붕,"
aj199는 모션싱크 못꺼서 좀 불편한디 
","/mgallery/board/view/?id=mouse&no=655039&search_head=0&page=2
"
[💭일반],모바 1주일정도 썻는데,ㅇㅇ,"
다른건 모르겠고 휠 올리고 내릴때구분감 있는기준2번에 1번은 안내려가네 ㅅㅂ;;뽑기망한거냐 ㅋㅋ 튀는건아니고 인식을 못하나
","/mgallery/board/view/?id=mouse&no=655038&search_head=0&page=2
"
[💭일반],DPI랑 폴링레이트랑 관련있음?,CR2032,"
304쓰는데 125Hz를 쓰면 DPI가 800이 맞고 1000Hz를 쓰면 대충 1600이 맞음 폴링레이트가 딱히 체감은 없다는건 아는데 DPI가 달라지는건 뭐때문임 
","/mgallery/board/view/?id=mouse&no=655037&search_head=0&page=2
"
[💭일반],데브삼 20.7만원 ㄱㅊ?,감차,"
이맛 상품권 있어서 거기서 사려구하는데20.7만원ㅇ ㅓ떰
","/mgallery/board/view/?id=mouse&no=655036&search_head=0&page=2
"
[💭일반],공쥬님들 잠자리 오빠 꾸나신으로 갔는데,ㅇㅇ,"
곰신 신고 기다리면 언젠간 오겠죠♡♡♡♡♡?  - dc official App
","/mgallery/board/view/?id=mouse&no=655035&search_head=0&page=2
"
[💭일반],티몬에서 잠자리 사려햇는데,ㅇㅇ,"
왜 f1 pro랑 4k는 같이안팔지moba랑 promax는 같이파는디4k만 따로 팔기도함? f1 pro가 가볍다길래 그거 사고싶은디
","/mgallery/board/view/?id=mouse&no=655034&search_head=0&page=2
"
[💭일반],고민은 배송을 늦출뿐,Spectrum1,"
프리미엄2로 개선?된 4mm 오케아누스   - dc official App
","/mgallery/board/view/?id=mouse&no=655033&search_head=0&page=2
"
[💭일반],데브삼 케이블c타입이야?,ㅇㅇ,"
하이퍼동글하고 같이쓸라는데 하이퍼동글이 c타입밖에 호환안된다는데 데브삼 기본구성품에 있는 usb케이블로 가능??
","/mgallery/board/view/?id=mouse&no=655032&search_head=0&page=2
"
[💭일반],에이펙스레전드 하시는 분들 혹시 패드 어떤 거 쓰시나여,ㅇㅇ,"
전에ㅜ뭣도 모르고 브레이킹 패드 써서 이번엔 슬라 써보려고 하는데 혹시 뭐 쓰시는지 알려주고 가시면 감사하겠습니다
","/mgallery/board/view/?id=mouse&no=655031&search_head=0&page=2
"
[💭일반],파마 이새끼들 어제 발송 안했네,ㅇㅇ,"
today ㅇㅈㄹ하면서 최소 오늘 새벽에 쉽 뜬 사람들 있어야 되는데 하나도 없네난 222라서 어차피 12월쯤 받을 거 같은데
","/mgallery/board/view/?id=mouse&no=655030&search_head=0&page=2
"
[💭일반],"레이저 데스에더 v3 pro 처음 사보려는데, 충전 자주해줘야함?",감차,"
1. 휴대폰충전기로도 충전 가능한가요?2. 충전 얼마만에 해줘야하나요? 1000hz로 쓸 예정
","/mgallery/board/view/?id=mouse&no=655029&search_head=0&page=2
"
[💭일반],바이퍼 미니 고장났는데 비누 사면 될까?,ㅇㅇ,"
17/10/10 고감도 핑거그립 유저인데2년 된 유선 바미니 휠클릭이 오락가락해서 새로 사려는데 코브라 말고 비누 사도 될까?휠 고장난 바미니 사용샷 올림
","/mgallery/board/view/?id=mouse&no=655027&search_head=0&page=2
"
[💭일반],마붕이들이 좋아하는 경량 타공 신제품 출시됐다,고급노예,"
마우스는 아니고 아파트다
","/mgallery/board/view/?id=mouse&no=655025&search_head=0&page=2
"
[💭일반],아컨2 화이트랑 사쿠라랑 차이있음?,ㅇㅇ,"
둘다 써본 사람 알려줘
","/mgallery/board/view/?id=mouse&no=655024&search_head=0&page=2
"
[💭일반],님들 서든용으로 이거 좋나요?,ㅇㅇ,"
- dc official App
","/mgallery/board/view/?id=mouse&no=655023&search_head=0&page=2
"
[💭일반],잠자리 상위호환 있냐?,ㅇㅇ,"
비슷한 쉘에 더 가벼운거근데 무타공 다시 오니까타공은 안꼴리네타공 밖에 없을거 같은데
","/mgallery/board/view/?id=mouse&no=655022&search_head=0&page=2
"
[💭일반],사고싶은거 일단 다 모았음,ㅇㅇ,"
이제 바브삼 프로만 나와주면 더이상 안살듯 
","/mgallery/board/view/?id=mouse&no=655021&search_head=0&page=2
"
[💭일반],피트랑 그립테이프도 은근 돈깨지네,ㅇㅇ,"
별 생각안하고 질렀는데 구매내역보니까 20넘게 썼노- dc official App
","/mgallery/board/view/?id=mouse&no=655020&search_head=0&page=2
"
[💭일반],람주는 정가주고 사면되지?,ㅇㅇ,"
람주 쏜 살 예정인데 얘는 할인 안하지?
","/mgallery/board/view/?id=mouse&no=655019&search_head=0&page=2
"
[💭일반],사슴쓰는 마붕이 있어? 사슴살라는디 팜레스트 추천좀 ㅎㅎ..,온노기,"
팜레스트도 살라구요 
","/mgallery/board/view/?id=mouse&no=655018&search_head=0&page=2
"
[💭일반],quaoar 오케아누스 사볼까...,Spectrum1,"
ㅌㅇㅂㅇ에서 살거 있는김에 같이 살까나...  ㅌㅇㅂㅇ에는 전부 프리미엄2로 리뉴얼 됐네  히엔이나 비너스프로 느낌일거 같은데 후기가 없어서 고민임 ㅌㅇㅂㅇ후기에는 습기에 강한편이라 더욱 히엔,비너스과일거 같긴한데  배송비빼면 4.8   - dc official App
","/mgallery/board/view/?id=mouse&no=655017&search_head=0&page=2
"
[💭일반],코브라 유선은 가격 언제 떨어짐,ㅇㅇ,"
바미니 옆그레이드던데 바미니 만큼 떨어져야 살만할듯
","/mgallery/board/view/?id=mouse&no=655016&search_head=0&page=2
"
[💭일반],알리에서 파는 마패 짭도 있겠지?,ㅇㅇ,"
너무 싸서 존나 사고 싶네
","/mgallery/board/view/?id=mouse&no=655015&search_head=0&page=2
"
[💭일반],콘 퓨어 무선 안냄?,ㅇㅇ,"
이 싯팔 콘 퓨어 쉘에 코팅 바꾸고 무선으로 만들면 바로 사는데 왜 안 만드냐고 시발련들아 
","/mgallery/board/view/?id=mouse&no=655014&search_head=0&page=2
"
[💭일반],더블클릭 해결했다,ㅇㅇ,"
는 이제 휠이 말썽일 예정
","/mgallery/board/view/?id=mouse&no=655013&search_head=0&page=2
"
[💭일반],지슈라랑 비슷하게 생기고 폴링높은거 추천해달랬더니,ㅇㅇ,"
어떤사람이 잠자리 추천해주는데 거르면되는거임?찾아보니까 등하고 엉덩이쪽 존나낮던데 뭐가 비슷하다는겨;; 
","/mgallery/board/view/?id=mouse&no=655012&search_head=0&page=2
"
[💭일반],AJ199 빌퀄이 ㄹㅇ 못써먹을 수준이냐,ㅇㅇ,"
치와와라 잠자리 손에 너무 커서 이걸로 넘어갈까함. 
","/mgallery/board/view/?id=mouse&no=655011&search_head=0&page=2
"
[💭일반],마우스 g102 g304 밖에 안써봤는데,ㅇㅇ,"
잠자린가 그게 씹가성비 맞음? 바로 사면됨? 
","/mgallery/board/view/?id=mouse&no=655010&search_head=0&page=2
"
[💭일반],로지텍은 덥클 이슈가 너무큼,타무,"
내가 가지고있는거 다 덥클로 가버려서 1년도 못채우고
","/mgallery/board/view/?id=mouse&no=655009&search_head=0&page=2
"
[💭일반],바미니 As 받은거 오는중,타무,"
공식수입사에서  오는건데새거로 보내주는거 같음판매는 중단시켰는데 AS용 제품들은 남겨두긴 했나봐
","/mgallery/board/view/?id=mouse&no=655008&search_head=0&page=2
"
[💭일반],바미니 같은거 이제 없냐?,ㅇㅇ,"
바미니도 단종시켰던데코브라 무선은 별로곸ㅋㅋ
","/mgallery/board/view/?id=mouse&no=655007&search_head=0&page=2
"
[💭일반],vaxee는 장패드 안만들어?,ㅇㅇ,"
십덕장패드 하나없나
","/mgallery/board/view/?id=mouse&no=655006&search_head=0&page=3
"
[💭일반],아컨시리즈 확실하게 하자,ㅇㅇ,"
어떤 사람은 아컨2나 아컨플 단색이, 아컨2 사쿠라나 아컨플 웨이브보다 더 슬라하다는 사람이 있고, 아닌데? 반대인데?  라고 하는 사람들이 있더라고?  여기서 확실하게 정하자  나 아컨2 블랙, 아컨웨 갖고있는데, 뭘 사야할지 모르겠다  - dc official App
","/mgallery/board/view/?id=mouse&no=655005&search_head=0&page=3
"
[💭일반],롤용 마우스 추천좀 해줘잉,ㅇㅇ,"
데스에더처럼 조온나 큰 마우스 아닌이상 앵간한건 다 적응해서 크기는 상관없고 클릭압낮고 클릭음적고 무게 60-80사이 논비대칭지유선은 클릭압이 허벌인데 클릭음이 은근 시끄럽고지프로무선 옛날버전이 제일 만족스러웠는데 덥클나서 친구 줘버렸고지슈라 쓰는데 최신버전은 너무 별로고 옛날거 찾아서 나름 그대로 만족중이긴한데 더 좋은게 있을까 싶어서 물어봄클릭압 허벌에 클릭음 정숙하기만 하면 괜찮을텐데 그런 마우스가 있을까 롤하는 형들 도와주셈
","/mgallery/board/view/?id=mouse&no=655004&search_head=0&page=3
"
[💭일반],지슈라1 강점기가 아직 끝나지 않은 것 같다,ㅇㅇ,"
반박시 내말이 맞음
","/mgallery/board/view/?id=mouse&no=655003&search_head=0&page=3
"
[💭일반],144모니터에 마우스 4k 어떰?,ㅇㅇ,"
144모니터에 마우스 4k로 써도 상관없죵?
","/mgallery/board/view/?id=mouse&no=655002&search_head=0&page=3
"
[💭일반],쉘 정리표 누가 업뎃 좀 해주라,ㅇㅇ,"
https://docs.google.com/spreadsheets/u/0/d/1o-ftr8vD6KAfTiFfD54JbwB3hXAlsNTKuC4C__HiaUM/htmlview#gid=0 마우스 쉘 정리표 링크용 - Google Drive마우스 쉘 정리표 링크용 - Google Drivedocs.google.com전에 념글 올라왔던 건데 이후로 업뎃이 안 됨
","/mgallery/board/view/?id=mouse&no=655001&search_head=0&page=3
"
[💭일반],롤도 4k 지원함?,ㅇㅇ,"
이번에 4k 마우스 샀는데 롤에서도 4k 지원하지?
","/mgallery/board/view/?id=mouse&no=655000&search_head=0&page=3
"
[💭일반],라이벌310이랑 비슷하거나 옆으로 큰 마우스 추천좀,ㅇㅇ,"
요즘 유행하는 잠자리나 비누는 딱 봐도 너무 작아 옆이 좀 넓거나 빵댕이가커서 새끼손가락좀 패드에 안닿고 싶어서 Xm2we살려고 하는데 어때요?데스에더 펄사 조위는 빼고 추천 해주라 라이벌 310빵댕이가 좋았어 비대칭 대칭 상관없어요
","/mgallery/board/view/?id=mouse&no=654999&search_head=0&page=3
"
[💭일반],추천받아요 집 fk1+- 사무실 ???,ㅇㅇ,"
모델링하는 직업이라 마우스쓸일이 많아서아우스버튼에 다른키 입력을 좀 하긴해야하는데조위는그게안되니 원..혹시 추천해줄만한 마우스 있을까 형들?
","/mgallery/board/view/?id=mouse&no=654998&search_head=0&page=3
"
[💭일반],파마무 배송조회 어케함?,ㅇㅇ,"
ㅈㄱㄴ
","/mgallery/board/view/?id=mouse&no=654997&search_head=0&page=3
"
[💭일반],비누  500짜리 3.8이면 ㄱㅊ??,ㅇㅇ,"
한번 먹어볼만해??  - dc official App
","/mgallery/board/view/?id=mouse&no=654996&search_head=0&page=3
"
[💭일반],파이널 마우스 다 좋은데,리리아,"
야이 새끼들아 qc가 나아졌다니 뭐 어쩌고 저째??
","/mgallery/board/view/?id=mouse&no=654995&search_head=0&page=3
"
[💭일반],x2v2 프리트래블 무조건임?,ㅇㅇ,"
좀 아쉽네 
","/mgallery/board/view/?id=mouse&no=654994&search_head=0&page=3
"
[💭일반],"카스용으로 인옵, 익스이 국민템 이엇던거 의아함. TXT",마인츠05,"
내가 기억하는데 저 마우스들 가로로 똑바로 안그어졋음가로로 움직이면 대각선으로 움직임글고 천천히 가로로 움직이면 위아래로 물결쳐짐저딴것들이 카스용으로 플겜머들도 죄다 쓰고아마추어들도 죄다 쓰는국민 마우스급이엇던거 존나 의아함심지어 그 기간도 존나 길고 말이야
","/mgallery/board/view/?id=mouse&no=654993&search_head=0&page=3
"
[💭일반],Ec3cw잘쓰고있는데,ㅇㅇ,"
크기비슷한 맛도리마우스없는가 펄v2미니는써봄 
","/mgallery/board/view/?id=mouse&no=654992&search_head=0&page=3
"
[💭일반],페브삼 아쉬운 점,피재,"
정작 사용할 땐 간지 나는 귀신 그림이랑 대상혁 사인이 다 가려짐 ㅜㅜㅜ 
","/mgallery/board/view/?id=mouse&no=654991&search_head=0&page=3
"
[💭일반],Vaxee pa 씹덕패드 퀄리티 ㅆㅅㅌㅊ,ㅇㅇ,"
만족감 5/5
","/mgallery/board/view/?id=mouse&no=654990&search_head=0&page=3
"
[💭일반],g304 사이드버튼 유격있는데 이것도 as 가능함?,ㅇㅇ,"
g102 쓰다가 사이드버튼 더블클릭 생겨서 버리고예전에 사둔 g304 꺼내서 쓰는데이놈은 또 사이드버튼 작동은 잘 되는데버튼이 뭔가 헐렁헐렁함 클릭 말고 살짝 건드려보면 삐걱거리는데 이것도 교체해줌?
","/mgallery/board/view/?id=mouse&no=654989&search_head=0&page=3
"
[💭일반],파이널마우스 이건 대단하네 ,zaunkoenig,"
스타라이트 전성비 미쳤는데 250mAh 였노
","/mgallery/board/view/?id=mouse&no=654988&search_head=0&page=3
"
[💭일반],래피드트리거 키보드 추천좀,ㅇㅇ,"
1.우팅 75배열 존버2.사슴 A75 구매3.헌츠맨 v3 TKL4.스실 에펙프로 TKL몇 번 ㄱ? 이유도 알려주시면....
","/mgallery/board/view/?id=mouse&no=654987&search_head=0&page=3
"
[💭일반],포론 그립테이프 써본사람있음?,ㅇㅇ,"
코패솦 살까 저거살까 고민중인데 둘다사본사람있나? 
","/mgallery/board/view/?id=mouse&no=654986&search_head=0&page=3
"
[💭일반],레이저 광축 스위치 <--- 클릭압 쎈 편임?,ㅇㅇ,"
바미니 (1세대 광축 스위치)에서 코브라 유선 (3세대) 넘어갈건데 아무 상관없겠지 
","/mgallery/board/view/?id=mouse&no=654985&search_head=0&page=3
"
[💭일반],지슈라 휠청소 납땜 필요함?,ㅇㅇ,"
휠 자꾸 튕겨서 에어건으로 속에 몇번 쏴주고 해봤는데 잘되는것같다가 결국 원상복구되는데 분해해서 청소를 해야할것같은데 납땜필요함?
","/mgallery/board/view/?id=mouse&no=654984&search_head=0&page=3
"
[💭일반],페브삼 확실히 야무지긴 하네,ㅇㅇ,"
G304랑은 비교도 안되는 무게네 ㅋㅋ좀 크다던데 나한텐 딱맞음그나저나 감촉은 너무 플라스틱스러운 느낌이네 이건 304가 낫다
","/mgallery/board/view/?id=mouse&no=654983&search_head=0&page=3
"
[💭일반],g703 3366센서인거 쓰는데,ㅇㅇ,"
게임이 ㅈㄴ 잘되는건 센서충들이 말하는 센서때문인가....? 얼마전에 바이퍼 유선 극찬한 마붕인데 그거보다 더 잘됨 ㄷㄷㄷㄷ 히어로센서꺼는 절대 아니었음...  - dc official App
","/mgallery/board/view/?id=mouse&no=654981&search_head=0&page=3
"
[💭일반],za13 비슷한거 m42 op1 x2h 중에 뭐임?,ㅇㅇ,"
 m42는 높등기준  손 대충 19정도인데 za13 팜으로 잡아서 잘썼엇음.... 
","/mgallery/board/view/?id=mouse&no=654980&search_head=0&page=3
"
[💭일반],하이퍼폴링 동글 케이블 a to c 아무거나 써도되냐,ㅇㅇ,"
동글 샀는데 기존에 쓰던 케이블은 고장났고 케이블 미포함이라 해서
","/mgallery/board/view/?id=mouse&no=654979&search_head=0&page=3
"
[💭일반],마린이 바실 v3 프로 쓰는데 충전이 느려진 것 같음,ㅇㅇ,"
충전독으로 무선 충전 해놓는데 걍 마우스 안 쓸 땐 항상 독 위에 올려놨었음오늘은 평소처럼 썼는데 갑자기 배터리가 없길래 한 5시간 동안 충전시켜놨는데 12% 정도 충전 됨분명히 원래 이렇게 느리진 않았을텐데 이런 것도 수리 맡겨야하나
","/mgallery/board/view/?id=mouse&no=654978&search_head=0&page=3
"
[💭일반],비누가 잠자리 보다 좋은건가??,ㅇㅇ,"
아니면 가성비인가??
","/mgallery/board/view/?id=mouse&no=654977&search_head=0&page=3
"
[💭일반],저소음 인코더도 따로있슴?,ㅇㅇ,"
횟수 관련된것밖에 검색에 안뜨는데 흠흠
","/mgallery/board/view/?id=mouse&no=654976&search_head=0&page=3
"
[💭일반],17 9.5 8 이  xe써도 됨?,ㅇㅇ,"
ㅈㄱㄴ 그립은 팜클인거 같음 클로나 
","/mgallery/board/view/?id=mouse&no=654975&search_head=0&page=3
"
[💭일반],302랑 바미니가 젤 잘맞았으면 치와와냐,ㅇㅇ,"
이거 말고 다른건 다 크거나 불편함
","/mgallery/board/view/?id=mouse&no=654974&search_head=0&page=3
"
[💭일반],아래 씝텐 배송 얼마나남았는지 물어본게이,ㅇㅇ,"
이정도 남았다 
","/mgallery/board/view/?id=mouse&no=654973&search_head=0&page=3
"
[💭일반],ㅋㅌ 잠자리 배송기록 올려줄 게이 있냐,ㅇㅇ,"
이 다음에 뭐뭐 남았지
","/mgallery/board/view/?id=mouse&no=654971&search_head=0&page=3
"
[💭일반],님들 마우스잡을때,ㅇㅇ,"
손바닥 끝부분라인이 바닥에 쓸리면서 마우스질하는거면마우스가 작은거에요? 그립의 문제인건가요?
","/mgallery/board/view/?id=mouse&no=654970&search_head=0&page=3
"
[💭일반],쏜나틱빨리!!!!,ㅇㅇ,"
 - dc official App
","/mgallery/board/view/?id=mouse&no=654969&search_head=0&page=3
"
[💭일반],지슈라 스위치도 OFF 시켜줘야하나요?,ㅇㅇ,"
컴퓨터 전원 종료시지슈라도 마우스 자체 off 해줘야되나요?아님 자동으로 절전모드? 같은 걸로 바뀌나요?몇년전에 노트북용 무선 마우스 건전지 폭발한 적이 있어서궁금해지네요..
","/mgallery/board/view/?id=mouse&no=654968&search_head=0&page=3
"
[💭일반],지슈라2 가격언제떡락함ㅇㅇㅇ,ㅇㅇ,"
살라공
","/mgallery/board/view/?id=mouse&no=654967&search_head=0&page=3
"
[💭일반],난 진짜 mz1 말고 다른마우스 적응이안되네,ㅇㅇ,"
람주미니도 그립감은좋은데 에임구려져서 엠젯1 잡으니 개같이 폼복귀 
","/mgallery/board/view/?id=mouse&no=654966&search_head=0&page=3
"
[💭일반],조위 유선은 lod 조절 안됨???,ㅇㅇ,"
조위 lod 조절 어쩌구 그러던데 다 무선 얘기였음???
","/mgallery/board/view/?id=mouse&no=654965&search_head=0&page=3
"
[💭일반],잠자리 오픈마켓 3만원대인데 맞냐??,ㅇㅇ,"
5만원이라 들었는대 왜이럼수상함
","/mgallery/board/view/?id=mouse&no=654964&search_head=0&page=3
"
[💭일반],5mm차이 체감 심함?,ㅇㅇ,"
102쓰다가 ec2 쓰다가 다시 102 쓰니까 엄청 낮게느껴지던데 
","/mgallery/board/view/?id=mouse&no=654963&search_head=0&page=3
"
[💭일반],xe 코어패드 컨트롤 쓰는사람 있음?,ㅇㅇ,"
순정 대비 미끄럽나?
","/mgallery/board/view/?id=mouse&no=654962&search_head=0&page=3
"
[💭일반],람주 원래 빌퀄 끝판왕임?,ㅇㅇ,"
유격 찌걱임 1도없고 단단하고 미쳤네 그냥 
","/mgallery/board/view/?id=mouse&no=654961&search_head=0&page=3
"
[💭일반],그냥 a5랑 moba 둘다 샀다,ㅇㅇ,"
a5가 지슈라랑 완전 미니지슈라 쉘이라 둘다삿음
","/mgallery/board/view/?id=mouse&no=654960&search_head=0&page=3
"
[💭일반],pa가 슬라이딩인가요 브레이킹인가요?,ㅇㅇ,"
ㅈㄱㄴ
","/mgallery/board/view/?id=mouse&no=654959&search_head=0&page=3
"
[💭일반],팜그립이 다른 그립보다 마우스 작은거 써야함?,ㅇㅇ,"
손바닥뒷부분은항상 패드에 붙어있음새끼랑 약지도 항상 사이드에 붙어있고지금 마우스도 좀 맘에 안드는데더 작은 마우스로 가야하나?아님 걍 쉘이 나랑 안맞나제일 만족했던 마우스는 로켓 콘퓨어맞나오울아이 인가 그거 나오기 전 세대 제품이 인생최고의 만족도였는데
","/mgallery/board/view/?id=mouse&no=654958&search_head=0&page=3
"
[💭일반],잠자리는 체고의 롤마우스야,맹공,"
빨리그마찍고 카스2 발로 모던3하러가야징 fps는 지슈라데브삼이젤좋구  롤은 바슈라 잠자리가 젤잘대  역시 fps는 꽉차서 안정감이잇어야하구  롤은 약간 작게잡히고 엉덩이 낮아서  손목이 일자로 펴져야해  
","/mgallery/board/view/?id=mouse&no=654957&search_head=0&page=3
"
[💭일반],손에서 시오후키하는데 씨ㅂ,ㅇㅇ,"
손풍기 틀어놔도 땀이 줄줄새는데 이거 어떡하냐ㅋㅋㅋ그립테이프하면 좀 나아짐?
","/mgallery/board/view/?id=mouse&no=654955&search_head=0&page=3
"
[💭일반],zippy 60m 내구성이 장난 아닌듯,ㅇㅇ,"
이친구 사용감 상당한거 중고로 사서 나도 꽤 오래 썻는데그땐 디바운스 같은 거 안건드리고 그냥 썻어서 뭐 잘 몰랐는데오랜만에 꺼내서 디바운스 0해봐도 덥클 안나네ㅋㅋ특히 우클 스위치는 걸림도 많이 죽었을정도로 사용감 상당함..나도 롤할때 썻고 전주인도 롤할때 쓴듯이정도면 수리할때 믿고 박을 수 있는 스위치인 것 같다..생각해보면 동일 스위치 사용한 스틸시리즈 라이벌도 덥클 났다는 걸 본적이 없긴함
","/mgallery/board/view/?id=mouse&no=654954&search_head=0&page=3
"
[💭일반],마우스 추천좀 해주세요,ㅇㅇ,"
1. 17.8cm2.10.6cm3.9cm 클로 그립인데 g102만 5번 사서 쓰는중인데 좀 상위버전것들 사려고하는데 추천좀해주세요.
","/mgallery/board/view/?id=mouse&no=654953&search_head=0&page=4
"
[💭일반],아 몰라 잠자리 하나 더 삼,Spectrum1,"
 - dc official App
","/mgallery/board/view/?id=mouse&no=654952&search_head=0&page=4
"
[💭일반],지슈라 화이트 최신주차 변색심함?,ㅇㅇ,"
교환 받았는데 쓸까 팔까...지슈라 화이트는 잘 관리해줘도 답 없냐?
","/mgallery/board/view/?id=mouse&no=654951&search_head=0&page=4
"
[💭일반],우팅 발송 자꾸 밀리네,마우스충,"
21-23에서 24-26까지 밀리네- dc official App
","/mgallery/board/view/?id=mouse&no=654950&search_head=0&page=4
"
[💭일반],패드 세로로 쓰는게 더 브레이킹함?,ㅇㅇ,"
ㅈㄱㄴ
","/mgallery/board/view/?id=mouse&no=654947&search_head=0&page=4
"
[💭일반],잠자리 여기와있는데..,ㅇㅇ,"
이제 시작이냐?여기서 한 7일잡으면되나..
","/mgallery/board/view/?id=mouse&no=654946&search_head=0&page=4
"
[💭일반],ttc 방진골드 60m 스위치 후기,ㅇㅇ,"
고무판떼기 끼워진게 고급스러워서 한번 써봤음살짝 클릭되는 지점이 깊은 느낌임 
","/mgallery/board/view/?id=mouse&no=654945&search_head=0&page=4
"
[💭일반],지슈라1에서 지슈라2 나온게 몇년만에 나온거임?,ㅇㅇ,"
텀 제법 길었음..?
","/mgallery/board/view/?id=mouse&no=654944&search_head=0&page=4
"
[💭일반],아티산제로vs새턴프로,ㅇㅇ,"
지금 데브삼인데 새턴프로엑솦 샀는데 잘맞거든일단 gsr se보단 더나음근데 아티산제로 엑솦도 비슷하다길래 욕심나는데살필요있을까?
","/mgallery/board/view/?id=mouse&no=654943&search_head=0&page=4
"
[💭일반],잠자리 마우스 휠튐 고치려면 뚜따하고 땜질해야함?,원썬의소리,"
유튭 검색해보니까 호호불거나 바람넣어서 센서에 먼지 털으라던데내껀 이걸로 해결안되네;
","/mgallery/board/view/?id=mouse&no=654942&search_head=0&page=4
"
[💭일반],HTX 통관,ㅇㅇ,"
여기서부터얼마나걸림?
","/mgallery/board/view/?id=mouse&no=654940&search_head=0&page=4
"
[💭일반],폴링레이트 차이 큼?,호엥,"
지슈라 샀는데 데스에더v3는 8k지원한다는데 평생 1000만 써봄
","/mgallery/board/view/?id=mouse&no=654939&search_head=0&page=4
"
[💭일반],잠자리 모바 후기,ㅇㅇ,"
경첩소리 쇠 긁는소리 클릭할때마다 나는거 엄청나게 열받음
","/mgallery/board/view/?id=mouse&no=654938&search_head=0&page=4
"
[💭일반],g303 온라인 최저가 얼마였음?,ㅇㅇ,"
3마넌 이하면 써보고싶은데 ㅋㅋ생긴건 마음에 듦 그립감은 노맘이겠지만 존내 궁금하네
","/mgallery/board/view/?id=mouse&no=654937&search_head=0&page=4
"
[💭일반],Akko 자석축 소프트웨어 또 터졌다,ㅇㅇ,"
벽돌사태때는 업데이트 안해서 넘어가서 싼맛에 나쁘지 않게 쓰고 있었는데이번에는 다른건 다 작동하는데 래피드트리거 키려고 커스터마이즈 모드로 바꾸기만 하면 키보드가 먹통이됨키 눌러보면 소프트웨어에 키 깊이는 인식이 되는데 그거 말고는 작동을 안함소프트웨어 버그는 아직도 수십갠데 고칠 버그는 안고치고 더 추가하고 있음진짜 키보드 부셔버리고 싶다.
","/mgallery/board/view/?id=mouse&no=654936&search_head=0&page=4
"
[💭일반],사슴 g65 예구한 형들 나 좀 도와줘 ㅠㅠ,ㅇㅇ,"
내 통관번호 복붙했는데 왜 이렇게 뜨는거야? 혹시 이름 때문인가? 예를 들어 홍길동이라 치면 고객명이 길동홍이라 영어로 써있긴 한데 이거 때문에 일치 안 한다 하는건가...?? 아는 형 있으면 도와줘ㅜㅠ
","/mgallery/board/view/?id=mouse&no=654931&search_head=0&page=4
"
[💭일반],코브라프로랑 람주 아틀라스미니 중 고민인데,ㅇㅇ,"
추천해줄수이씀?바미니가 인생 쉘임
","/mgallery/board/view/?id=mouse&no=654930&search_head=0&page=4
"
[💭일반],여기 글카 질문 받음?,ㅇㅇ,"
겜오씨랑 게임락 둘 중 뭘로 가는게 좋을 거 같음?각각 230만에 파는거 있으면 사면 됨?
","/mgallery/board/view/?id=mouse&no=654929&search_head=0&page=4
"
[💭일반],펄사>지슈라로 펄사 미만잡인데 왜 지랄임,ㅇㅇ,"
지금 타이거 아이스 도트 쓰고있고패드는 스카이패드 3.0쓰는데젝투스 도트가 타이거보다 내구성이나 슬라감이 더 좋음?이거 사면 되는거냐
","/mgallery/board/view/?id=mouse&no=654928&search_head=0&page=4
"
[💭일반],콩슈라 클릭압 피로감 있대서 고민하다가,ㅇㅇ,"
어차피 지금 g703 쓰는데 더블클릭 나는거 개좆같고  휠 튀는 것도 개미쳐서 몇 달 째 인터넷 창 스크롤 내릴 때 스크롤 바 붙잡으며 살고 있는데 이 정도면 콩슈라 사도 별 문제 없겠노  
","/mgallery/board/view/?id=mouse&no=654927&search_head=0&page=4
"
[💭일반],나는 홍대병 마우스가 끌려,레디언트가야쥥,"
+ 본가에 파마무 페가수스도 있는데파마무 쓰니까 어떤 마우스를 써도빌퀄은 ㅅㅌㅊ 인게상당히 좋은 세뇌임 ㅋㅋ- dc official App
","/mgallery/board/view/?id=mouse&no=654926&search_head=0&page=4
"
[💭일반],잠자리랑 비누중에 어떤게 g304에 가까움?,ㅇㅇ,"
g304쉘 좋아하고 만족하면서 쓰는데경량화된 마우스좀 써볼라고 둘중 하나 사보려하는게어떤게 g304랑 비슷할까?
","/mgallery/board/view/?id=mouse&no=654925&search_head=0&page=4
"
[💭일반],usb 2.0 / 3.0(파랑) /3.1(빨강) 꼽는거 차이 있어요?,ㅇㅇ,"
지금 쓰고 있는 마우스는 다모샥 m3 4k입니다
","/mgallery/board/view/?id=mouse&no=654924&search_head=0&page=4
"
[💭일반],람쏜은 미니 소식은 없우?,NVY,"
?  - dc official App
","/mgallery/board/view/?id=mouse&no=654923&search_head=0&page=4
"
[💭일반],u1 존버 vs 걍 s1 구매,ㅇㅇ,"
마우스 5개 써본 결과 s1 쉘로 졸업할 것 같음
","/mgallery/board/view/?id=mouse&no=654922&search_head=0&page=4
"
[💭일반],젝투스울글이랑 펄사슈글이랑 미끌림차이 심하냐,ㅇㅇ,"
최대한 미끄러운거 사고 싶은데 가격차이는 이빠이네 후..
","/mgallery/board/view/?id=mouse&no=654921&search_head=0&page=4
"
[💭일반],페브삼 충전할때 충전기 어댑터 이용함?,ㅇㅇ,"
아니면 걍 유선으로 쓰다가 충전되면 무선씀?
","/mgallery/board/view/?id=mouse&no=654920&search_head=0&page=4
"
[💭일반],에라이 펄브삼 미디움 먼저 나오고 미니 내년에 나오네,NVY,"
에라이 야발로마  - dc official App
","/mgallery/board/view/?id=mouse&no=654919&search_head=0&page=4
"
[💭일반],ㅋㅌ 잠자리 배송 현황,ㅇㅇ,"
10.9 주문10.16 발송10.18 평택세관 도착갤럼들 얘기 들어보니 인천항 걸림 ㅈ된다는뎅 금욜까지 받을수 있으려낭
","/mgallery/board/view/?id=mouse&no=654918&search_head=0&page=4
"
[💭일반],사슴 이거도 설정 해야됨?,ㅇㅇ,"
이거 해야됨?? 이거 위에거가 입력지점이랑 아래가 떼는지점인거 아님? 
","/mgallery/board/view/?id=mouse&no=654917&search_head=0&page=4
"
[💭일반],펄사가 해외에서 더 유명하다고?,ㅇㅇ,"
근데 그 해외가 어디임?서양쪽은 우리보다 손이 큰걸 생각하면 그쪽기준으로 펄사는 너무 작은 마우스 아닌가
","/mgallery/board/view/?id=mouse&no=654916&search_head=0&page=4
"
[💭일반],마갤본뒤로 마우스 4개나 삼,장군이,"
데스에더 v3 유선 잠자리 EC2 처음에 지슈라 카피쉘 맛보려고산 제닉스 gv air 그만사야될듯 다 잘 맞긴함 
","/mgallery/board/view/?id=mouse&no=654915&search_head=0&page=4
"
[💭일반],선생님들 잠자리 이런거 더블클릭 없나요??,ㅇㅇ,"
304 쓰는데 두개 다 이제 더블클릭 오고 하나는 사이드까지 더즐클릭증상 나와서 스트레스 이빠이 받네요 ㅜㅜ 
","/mgallery/board/view/?id=mouse&no=654914&search_head=0&page=4
"
[💭일반],G502X 쿠팡 64700,ㅇㅇ,"
해외직구랑 가격 비슷함
","/mgallery/board/view/?id=mouse&no=654913&search_head=0&page=4
"
[💭일반],도트 피트,ㅇㅇ,"
어떤거 사냐??추천좀
","/mgallery/board/view/?id=mouse&no=654912&search_head=0&page=4
"
[💭일반],m75 꼴리네,xehc,"
좁고 등 높은거 원했는데  - dc official App
","/mgallery/board/view/?id=mouse&no=654911&search_head=0&page=4
"
[💭일반],잠자리 모바 4.5면 괜춘??,만호갱,"
티몬에서 특가랍시고 올라왔던데  - dc official App
","/mgallery/board/view/?id=mouse&no=654910&search_head=0&page=4
"
[💭일반],g304 무소음교체 공방찾아요..,ㅇㅇ,"
추천좀..ㅠ 
","/mgallery/board/view/?id=mouse&no=654909&search_head=0&page=4
"
[💭일반],지슈라 그립테이프 질문있습니다,ㅇㅇ,"
다한증이라 손에 땀이많아 미끄러져 겜하기 불편한데그립테이프 써보는게 좋을까요?순정그립테이프 써볼까요 아니면 코어패드인가 뭔가 추천하는거 있던데 그거 사서 써볼까요?
","/mgallery/board/view/?id=mouse&no=654908&search_head=0&page=4
"
[💭일반],알리 예상배송일 10월31일이면 그때 도착하는거임?,ㅇㅇ,"
아니면 그때 보낸다는건가..
","/mgallery/board/view/?id=mouse&no=654907&search_head=0&page=4
"
[💭일반],"아티산 제로, 아컨2랑 아컨플 웨이브 비교했을 때 어떰?",ㅇㅇ,"
【슬라】(오른쪽 갈수록 슬라)       아컨2 > 제로 > 아컨웨 이런식으로 알려줄 수 있나?  - dc official App
","/mgallery/board/view/?id=mouse&no=654906&search_head=0&page=4
"
[💭일반],저번에 알리에 잠자리 잘못올라온거,KimPig,"
2달러 동글 사놨었는데 취소하라고 왔었는데 2달러라 귀찮아서 안했더니만 뻥송장 등록해놨네 ㅋㅋㅋ 2달러 74일뒤에 환불 받을예정~  - dc official App
","/mgallery/board/view/?id=mouse&no=654905&search_head=0&page=4
"
[💭일반],피트 타이거랑 코패중 뭐사지,ㅇㅇ,"
음- dc official App
","/mgallery/board/view/?id=mouse&no=654904&search_head=0&page=4
"
[💭일반],형들 울x 222 면 5000개 안에 못들어???,바이퍼,"
으잉?
","/mgallery/board/view/?id=mouse&no=654903&search_head=0&page=4
"
[💭일반],쌈무쓰다가 지슈라 쓰니까 총 존나 안맞노,근기견,"
근데 지슈라가 진짜 가볍긴한가보다 쌈무쓰면 손목아픔 
","/mgallery/board/view/?id=mouse&no=654902&search_head=0&page=4
"
[💭일반],아티산 씨이발거 배송 언제오냐,ㅇㅇ,"
제로랑 오츠 엑솦 샀는데 둘 다 소식도 없네 
","/mgallery/board/view/?id=mouse&no=654901&search_head=0&page=4
"
[💭일반],g302 apex 쓰고싶은데 어디서팜?,ㅇㅇ,"
ㅈㄱㄴ
","/mgallery/board/view/?id=mouse&no=654900&search_head=0&page=4
"
[💭일반],비누 z2는 대체 언제나옴?,ㅇㅇ,"
10월안에 나온다는데 10월 중순에 접어들었는데 나올 기미가 없누
","/mgallery/board/view/?id=mouse&no=654899&search_head=0&page=4
"
[💭일반],"그냥 아컨2 블랙, 아컨2 사쿠라 뭐가 더 슬라함?",ㅇㅇ,"
ㅈㄱㄴ 아컨 시리즈 살 건데 잘 모르겠음  - dc official App
","/mgallery/board/view/?id=mouse&no=654898&search_head=0&page=4
"
[💭일반],게이밍 헤드셋 3대장 알려주라,ㅇㅇ,"
가격은 25정도까지 생각중인데 이어폰쓰니까 뭔가 상하소리구분이 안되서 헤드셋사려고
","/mgallery/board/view/?id=mouse&no=654897&search_head=0&page=4
"
[💭일반],파마무 쓰는 사람 피트 머씀?,ㅇㅇ,"
사제피트 추천할만한거 있음?- dc official App
","/mgallery/board/view/?id=mouse&no=654894&search_head=0&page=5
"
[💭일반],g705 vs 잠자리 f1 moba 4k,ㅇㅇ,"
오늘 잠자리 4k moba f1 주문했는데로지텍 g705 할인하더라 뭐가 더 나음?
","/mgallery/board/view/?id=mouse&no=654892&search_head=0&page=5
"
[💭일반],콩슈라 30만원 뭔데 ㅅㅂ,ㅇㅇ,"
502x 사려다가 걍 콩슈라 사려고 했는데 가격 지랄났노 
","/mgallery/board/view/?id=mouse&no=654890&search_head=0&page=5
"
[💭일반],ax무선 70그람대라고??,ㅇㅇ,"
경쟁모드+클릭goat ax냐가벼운 쏜이냐미추어버리겠네~
","/mgallery/board/view/?id=mouse&no=654889&search_head=0&page=5
"
[💭일반],여기저기서,ㅇㅇ,"
좆소 너나 할거 없이 비대칭 내면로지텍이 코웃음 치듯이703 슈라 내지 않을까??제발
","/mgallery/board/view/?id=mouse&no=654887&search_head=0&page=5
"
[💭일반],잠자리 쓰는 프로 누구누구있음?,ㅇㅇ,"
카르페가 이번에 잠자리로 바꾸긴 했던데 이 선수 말곤 없음?
","/mgallery/board/view/?id=mouse&no=654886&search_head=0&page=5
"
[💭일반],여름보다 손에 땀이 많이남,ㅇㅇ,"
나만 그런가 게임도중에 손 땀닦느라 집중이안돼- dc official App
","/mgallery/board/view/?id=mouse&no=654885&search_head=0&page=5
"
[💭일반],이거 키보드 배열 두개 뭔차이인지 알려주실분,온노기,"
몰루 
","/mgallery/board/view/?id=mouse&no=654884&search_head=0&page=5
"
[💭일반],PA 살만함?,ㅇㅇ,"
ㄱ ㅡ씹덕 패드 사볼려고 하는데아님 다른거 사는게 더 낫나?
","/mgallery/board/view/?id=mouse&no=654883&search_head=0&page=5
"
[💭일반],GSR SE랑 비슷한 패드 없음?,ㅇㅇ,"
GSR-SE 루즈 쓰는데 너무 비싼데PA가 답인가
","/mgallery/board/view/?id=mouse&no=654882&search_head=0&page=5
"
[💭일반],마붕이 손 ㅁㅌㅊ,ㅇㅇ,"
1 이미지 순서 ON2 이미지 순서 ON3 이미지 순서 ON4 이미지 순서 ON5 이미지 순서 ON쓰는마우스 
","/mgallery/board/view/?id=mouse&no=654881&search_head=0&page=5
"
[💭일반],g304 무소음 개조 비용 보통 얼마드나용,ㅇㅇ,"
제곧내
","/mgallery/board/view/?id=mouse&no=654880&search_head=0&page=5
"
[💭일반],컴서인 조금 어이없는점,yznsafan,"
모든게임 랭커라고 하는데 몇년전인지도 모르겠고 에임캐릭터로 랭커 달은건지도 모르겠고 방송 보면 잘쏘는거같지도 않음 
","/mgallery/board/view/?id=mouse&no=654879&search_head=0&page=5
"
[💭일반],긴급) 잠자리프러맥스 샀능데 상자 뭐임,뮬뮬,"
왜 프로만 적혀있음 ?
","/mgallery/board/view/?id=mouse&no=654878&search_head=0&page=5
"
[💭일반],도트피트 왜 쓰나했는데,ㅇㅇ,"
이번에 궁금해서 앞뒤 2개씩 4개박고써보는데씨발.. 뭐냐이거 면적적어서 존나 슬라할줄알았는데 생각보다 블킹하고개색슨데 이거니들만쓰고있던거임? ㄷㄷ  뭔가 씨발 뭔가 느낌이존나좋네 
","/mgallery/board/view/?id=mouse&no=654877&search_head=0&page=5
"
[💭일반],돌고 돌아 za 유선이네,ㅇㅇ,"
성능은 이제 상향평준화되어서 의미가 없고무조건 쉘이다 쉘za 벗어나고 싶어서 돈을 그렇게 많이 썼는데결국에는 오랜만에 za로 겜 해보고 감탄사 내지름 ㅠㅠ무선은 내 팔자에 없나보다 유선 먹고 죽으련다ㅋ
","/mgallery/board/view/?id=mouse&no=654876&search_head=0&page=5
"
[💭일반],G304 게이 ㅇㅈ?,ㅇㅇ,"
블랙 지겨워서 힘좀 줘봣음쟁여놓고 대충 쓰다가 지슈라2 풀리면 살거
","/mgallery/board/view/?id=mouse&no=654875&search_head=0&page=5
"
[💭일반],둘중 뭐가더 지슈라쉘임??,ㅇㅇ,"
잠자리랑 a5인가먼가
","/mgallery/board/view/?id=mouse&no=654874&search_head=0&page=5
"
[💭일반],g304급 클릭압에 가벼운 마우스 추천좀,ㅇㅇ,"
쉘은 g304 랑 지슈라 다 잘맞았음 
","/mgallery/board/view/?id=mouse&no=654873&search_head=0&page=5
"
[💭일반],나만 마우스 며칠 쓰다보면,ㅇㅇ,"
마우스에 떼 생김? ㅇㅇ... 손이 땀이 많아서 생기는거 같은데 ㄹㅇ 좆같노 
","/mgallery/board/view/?id=mouse&no=654872&search_head=0&page=5
"
[💭일반],람주 쏜 클릭압어때?,ㅇㅇ,"
가벼운편이야? 
","/mgallery/board/view/?id=mouse&no=654871&search_head=0&page=5
"
[💭일반],이 갤은 마우스를떠나서,ㅇㅇ,"
개인적으로 게이밍 장비에 관해서 유용한 정보를 얻을 수 있음그래서 장비관련갤 안가고 이곳만오게됨- dc official App
","/mgallery/board/view/?id=mouse&no=654870&search_head=0&page=5
"
[💭일반],15만원 아래 무선 마우스 추천 해주세용,ㅇㅇ,"
손 큰편입니다!!!지금은 로지텍 G402 쓰고 있습니당
","/mgallery/board/view/?id=mouse&no=654869&search_head=0&page=5
"
[💭일반],로켓 펌웨어 업데이트 오류,ㅇㅇ,"
4월달쯤 오울아이 썻을때는 이상 없었는데 현재 느낌표 뜨고 업데이트도 진행이 안되는데 어떻게 해결함?
","/mgallery/board/view/?id=mouse&no=654868&search_head=0&page=5
"
[💭일반],여기 마이크도 물어봐도 되냐?,MaOsama,"
바라쿠다 마이크 병신이라서 세이렌 v2x 사려하는데 주변소음 캐치 잘 안하고 내 목소리만 캐치 하는 수준이면 되는데 ㄱㅊ?  - dc official App
","/mgallery/board/view/?id=mouse&no=654867&search_head=0&page=5
"
[💭일반],아아... 비대칭이 마렵구나,",","
어디 치와와 전용 비대칭 없나!!!!
","/mgallery/board/view/?id=mouse&no=654866&search_head=0&page=5
"
[💭일반],새끼 손가락 긴사람은 무슨 마우스 써야되냐,ㅇㅇ,"
17 8 8.5 정도로 손은 작은편인데 새끼손가락이 검지 수준으로 길어서 304, 비누 같이 작은거 쓰면 새끼손가락이 패드에 갈려버림
","/mgallery/board/view/?id=mouse&no=654865&search_head=0&page=5
"
[💭일반],잠자리 f1 pro 3.3만에 샀다,ㅇㅇ,"
배터리 반토막이지만 3.3이면 킹성비인듯moba 써보니까 후핑핑 별로라 프로맥스 살까 하다가 프로로 간다..혹시 살사람들은 ㅌㅁ으로 가라..
","/mgallery/board/view/?id=mouse&no=654864&search_head=0&page=5
"
[💭일반],마우스 추천 좀,ㅇㅇ,"
20 /11 /11마우스 좋은 거 써본 적 없음노트북 살 때 산 m590인가 쓰는데 너무 작아서 하나 사려고 하는데 뭐가 좋아너무 비싸진 않으면 좋겠음5~10 정도로 추천해줘
","/mgallery/board/view/?id=mouse&no=654863&search_head=0&page=5
"
[💭일반],부모님 마우스 하나 추천 좀,ㅇㅇ,"
집에 쓰는 무선마우스가 고장나서 하나 새로 사드리려고 함 주로 하는건 인터넷, 엑셀 작업인데 버티컬 마우스 알아봤지만 익숙하지 않아 그냥 평범한걸로 원하시는데 어떤게 좋을까 이전에 쓰던 무선마우스가 좀 말썽이었어서 유선으로 원함 
","/mgallery/board/view/?id=mouse&no=654862&search_head=0&page=5
"
[💭일반],형님들 지슈라 2 못기다리겠는데 1사도될까요,ㅇㅇ,"
지슈라 할인 할때 살려하는데 블프때는 가야지 한다고해서 그때가서 마우스 바꾸면 감도 적응하기힘들거같은데 그냥 지슈라 1사도 ㄱㅊ을까요  - dc official App
","/mgallery/board/view/?id=mouse&no=654861&search_head=0&page=5
"
[💭일반],게이밍 쥐떼,ㅇㅇ,"
ㅗㅜㅑ 
","/mgallery/board/view/?id=mouse&no=654860&search_head=0&page=5
"
[💭일반],사슴 리뷰 영상 볼만한거 있음?,ㅇㅇ,"
검색허면 나오는게 다 영어영상이라 어지러움  
","/mgallery/board/view/?id=mouse&no=654859&search_head=0&page=5
"
[💭일반],usb 연장선 사용법 그냥 공지에 박아놓으면 안됨?,광붕이기야노데스웅차,"
매일 보이는 것 같은데 
","/mgallery/board/view/?id=mouse&no=654858&search_head=0&page=5
"
[💭일반],17.5 10 10 클로그립 << 데브삼 쓸만함?,ㅇㅇ,"
지슈라 쓰다가 고장나서 다음 마우스 지슈라살지 데브삼살지 고민중임 예전에쓰던 G502 그립감 좋았어서 비대칭으로 사려하는데 데브삼 ㄱㅊ음? 
","/mgallery/board/view/?id=mouse&no=654857&search_head=0&page=5
"
[💭일반],방금 람주 쏜 결제창까지 갔다가 멈췄다 ㅋㅋ,ㅇㅇ,"
ax무 나오나보네이제60그램대로 나오겟쥬??
","/mgallery/board/view/?id=mouse&no=654856&search_head=0&page=5
"
[💭일반],500 500에 적응돼서 일반 라지 패드를 못 쓰겠네;;,ㅇㅇ,"
지스알 루지 표면이 제일 마음에 들어서 그냥 다시 루지로 돌아가려고 했는데 사이즈가 도저히 적응이 안된다..
","/mgallery/board/view/?id=mouse&no=654855&search_head=0&page=5
"
[💭일반],비누살까 람미니살까,ㅇㅇ,"
16.5 9 9 팜클로?인데 둘중 뭐살까  쓰던 마우스 g102 g304 오로치인데 둔해서그런지 딱히 불편한건 못느낌 
","/mgallery/board/view/?id=mouse&no=654854&search_head=0&page=5
"
[💭일반],람주 쏜 고민하고있습니다. 도와주세여,ㅇㅇ,"
데브삼 : 그립미쳤는데 저감도여야 잘 맞을거같음, 손목 손등아픔 콘프로에어 : 잡을땐 모르겠는데 쓰다보면 손목 손등아픔 벡시 ax : 잡는건또 기가막힌데 엉덩이가 너무높은느낌? 손목 손등 아픔벤서 폴룩스 : 기가막힘 손도안아픔 근데 작음오리진 원 x : 무난함 코팅별로, 엉덩이가 낮아서 지지가 부족한느낌이런상황인데 람주 쏜 괜찮을까요????18.5 10.5 10.5       팜클로그립 사용중입니다.
","/mgallery/board/view/?id=mouse&no=654853&search_head=0&page=5
"
[💭일반],하이퍼폴링,호에에ㅔ,"
얼마에 사야 ㅍㅌㅊ임? 
","/mgallery/board/view/?id=mouse&no=654852&search_head=0&page=5
"
[💭일반],잠자리랑 xe무 쉘 비슷함??,ㅇㅇ,"
ㅈㄱㄴ 
","/mgallery/board/view/?id=mouse&no=654851&search_head=0&page=5
"
[💭일반],데브삼 클릭압 지슈라보다 높냐?,ㅇㅇ,"
롤 프로들이 안쓰는 이유가 있는거냐 
","/mgallery/board/view/?id=mouse&no=654849&search_head=0&page=5
"
[💭일반],선생님들 3언더 서브마우스 추천 제발 부탁드립니다,챙겨,"
3언더 마갤 존엄 마우스가 뭔가요 ㅠㅠ
","/mgallery/board/view/?id=mouse&no=654848&search_head=0&page=5
"
[💭일반],흑우됬다,ㅇㅇ,"
갓카오페이 결제로 2천원 더 할인
","/mgallery/board/view/?id=mouse&no=654847&search_head=0&page=5
"
[💭일반],쒸빠거 마갤 하면 안댐 ㅇㅇ,ㅇㅇ,"
얼마전에 비대칭 싼거 일부러 사가지고 써봤거든?그래서 비대칭은 절대 안맞는다고 스스로 다짐했음근데 쏜 리뷰보니까 바로 존나꼴림 ㅋㅋㅋㅋ'겜이 잘 안돼도 편안한 마우스 하나 있으면 이?득 아닌가 이런 생각들면서'후우... 너희는 나같이 되지마라... 
","/mgallery/board/view/?id=mouse&no=654846&search_head=0&page=5
"
[💭일반],16 10 10 팜클로 조무선어떰?,matsuda,"
맛있을거같은데   - dc official App
","/mgallery/board/view/?id=mouse&no=654845&search_head=0&page=5
"
[💭일반],무선마우스 처음써보는데 뉴비질문좀.. (페브삼),ㅇㅇ,"
페브삼을 샀어구성품은1. 마우스 2. 유선c케이블 3. 뭔가 첨보는 조그마한 고체(한쪽엔 usb포트 한쪽엔 c케이블포트 있는거 <- 이거 대체뭔지 모르겟음 /4. 마지막으로 2.4라고 써있는 개 조그마한 동글? 같은 usb이렇게 있는데, 이상태에서 뭘 어디다 본체에 연결해야해서 써야하는거야 ?그리고 충전법은 그냥 유선케이블 마우스머리에잇는 c케이블포트에 꼽은담에 usb포트 충전기로 하면되는거야 ..?
","/mgallery/board/view/?id=mouse&no=654844&search_head=0&page=5
"
[💭일반],근데 잠자리가 지슈라쉘임..?,ㅇㅇ,"
가운데 너무 파여있지않나
","/mgallery/board/view/?id=mouse&no=654843&search_head=0&page=5
"
[💭일반],쏜 배터리 얼마나 감?,ㅇㅇ,"
람주 종특이 배터리 조루아닌가
","/mgallery/board/view/?id=mouse&no=654842&search_head=0&page=5
"
[💭일반],컴서인 왜 블랙위도우 v475 db 안올리냐,버브리,"
원래 오래걸림? 
","/mgallery/board/view/?id=mouse&no=654840&search_head=0&page=5
"
[💭일반],콩슈라 가끔  스킵 뜨는거 같은데 나만그럼?,op1goat,"
겜할 땐 안그러는데걍 마우스 힘 아예 안주고 천천히 이동시스킵 뜨더라최근 피트 바꿔서  피트 두께가 두꺼워져서lod 낮음이라 그런가? 해서 중간으로 바꿨는디도그러더라 나만 그럼?아 몰론 겜은 잘됌
","/mgallery/board/view/?id=mouse&no=654839&search_head=0&page=6
"
[💭일반],람미니 4k 지원제품이긴한데 4k동글은 따로 사야하는거야?,ㅇㅇ,"
중고로삿거든 동글은 애초에 없다고하셧긴했는데 이건 원래 따로 사야하는거지? 궁금해서 
","/mgallery/board/view/?id=mouse&no=654838&search_head=0&page=6
"
[💭일반],퀵헤비 어제 할인하던데,ㅎㅇ,"
오늘 끝낫노... 2.9무배 하던데  ㅜㅜ 열개밖에 못샀다... 1일 10개라길래... ㅜㅜ- dc official App
","/mgallery/board/view/?id=mouse&no=654837&search_head=0&page=6
"
[💭일반],근데 어차피 4k리시버 쓸꺼면 유선 쓰는게 낫지 않냐,챙겨,"
리시버나 선이나 둘 다 책상 위에서 벌렁거리는데굳이 무선 가는 이유 있음?충전도 귀찮고 좆같을 거 같은데
","/mgallery/board/view/?id=mouse&no=654836&search_head=0&page=6
"
[💭일반],dpi 질문,ㅇㅇ,"
같은감돈데 dpi 다르면 체감 가능?
","/mgallery/board/view/?id=mouse&no=654835&search_head=0&page=6
"
[💭일반],맥스틸 g10 2개 한 번에 고장남,챙겨,"
하나는 2년 하나는 1년 반 정도 썼는데이거 씨발 소프트웨어로 장난치는 거 아닐까?좆같네
","/mgallery/board/view/?id=mouse&no=654834&search_head=0&page=6
"
[💭일반],님들 페브삼 기본구성품에 유선케이블 미포함임?,ㅇㅇ,"
걍 마우스랑 무슨 usb ? 그리고 그 usb가 들어가는(아마 충전하는거같음) 거만 구성품에잇음원래 유선은 미포함 ?
","/mgallery/board/view/?id=mouse&no=654833&search_head=0&page=6
"
[💭일반],니코 지슈라2 쓰네,ㅇㅇ,"
아 먹어봐야 하나
","/mgallery/board/view/?id=mouse&no=654832&search_head=0&page=6
"
[💭일반],이거 써본사람?,ㅇㅇ,"
히엔 
","/mgallery/board/view/?id=mouse&no=654831&search_head=0&page=6
"
[💭일반],조위랑 벡시 코팅 비슷함?,ㅇㅇ,"
조위 코팅때문에 유기했는데 
","/mgallery/board/view/?id=mouse&no=654830&search_head=0&page=6
"
[💭일반],지슈라? ,ㅇㅇ,"
703오래 써서 x2v2미니로 갈아탔는데 이건 또 너무 작은거같아서 애매한데 17.5 10 10 정도인데 지슈라 괜찮을까?  - dc official App
","/mgallery/board/view/?id=mouse&no=654829&search_head=0&page=6
"
[💭일반],잠자리 설정 공유합니다..,원스텝,"
발로란트 에피1 - 7 레디언트 Cs2 프리미어 16000Lod 1mm ,sleeptime 2m, debounce 4msMotionsync On , Performance Mode on 4000hz( 컴 사양에 따라 맞춰쓰세요 개인적으론 2000hz추천)필요하신분이 있을진 모르겠지만 올려봅니다... 욕하지말아주세요.......- dc official App
","/mgallery/board/view/?id=mouse&no=654828&search_head=0&page=6
"
[💭일반],비누 z2는 생긴게,ㅇㅇ,"
우흥프로??? 그 ogm pro같이 생겼네 쉘이
","/mgallery/board/view/?id=mouse&no=654827&search_head=0&page=6
"
[💭일반],vaxee pa 씹덕 에디션 룩딸 후기,ㅇㅇ,"
성능은 그냥 vaxee pa 겠지아직 안 써봤는데 그냥 적당히 밸슬이겠지 해라~나는 딴 거 모르겠고 무조건 이뻐야 함잠자리랑 조합? 미묘함지프로, 지슈라? 미묘함비누? 흠... 좀 애매함람미니? 이거 분홍색이었으면 괜찮았음하지만 지프로 씹덕 스킨이라면?GOAT
","/mgallery/board/view/?id=mouse&no=654826&search_head=0&page=6
"
[💭일반],가끔가다 이어폰 잭 인식 되는데 안들리는 애들 봐라,ㅇㅇ,"
리얼텍에 이런식으로 돼있을건데, 커넥터 설정 위에꺼 켜주면 들린다.  왜 이런진 모름.
","/mgallery/board/view/?id=mouse&no=654825&search_head=0&page=6
"
[💭일반],대구 칠성점 일렉트로마트 가봤는데,ㅇㅇ,"
체험할수있는 갯수가 2갠가3개밖에 안되네;; 데브삼이나 지슈라2 보러갔는데 팩에포장만되어있음 어디가야하냐 대구는..  월배아니면 성서? 
","/mgallery/board/view/?id=mouse&no=654823&search_head=0&page=6
"
[💭일반],로지텍은 아직도 서비스센터 조선족쓰냐?,ㅇㅇ,"
전화할때마다 웅얼웅얼 쳐거려서 못알아듣겠음여태 3번정도 이랬던거같은데 다 다른사람임
","/mgallery/board/view/?id=mouse&no=654822&search_head=0&page=6
"
[💭일반],마우스갤 분위기 많이 바꼈네,ㅇㅇ,"
념글 4페이지정도 보고있는데뭔 마우스가지고 갈드컵을 열고있어 
","/mgallery/board/view/?id=mouse&no=654821&search_head=0&page=6
"
[💭일반],님들 지슈라는 살짝 큰거같은데 더 작은 마우스중에서는 뭐가 ㄱㅊ아요?.,ㅇㅇ,"
손길이 18.5정도 되는데 지슈라는 손안에 안차고 살짝 큰 느낌이라더 작은 마우스 사용하고싶은데 지슈라보다 작고 ㄱㅊ은제품 뭐가있나요??
","/mgallery/board/view/?id=mouse&no=654820&search_head=0&page=6
"
[💭일반],평택항 정신나가걸가태,풀뜯는레피,"
대체언제줘  - dc official App
","/mgallery/board/view/?id=mouse&no=654818&search_head=0&page=6
"
[💭일반],여긴 지슈라 데브삼 갤임?,ㅇㅇ,"
진짜 마알못 갤이였네
","/mgallery/board/view/?id=mouse&no=654817&search_head=0&page=6
"
[💭일반],오랜만에 게이밍 키보드 샀는데 망함,원심분리기,"
요즘 하는 게임중에 입력이 좀 민감한게 있어서게이밍 키보드 하나 사봄자석축은 딱히 필요없어서 패스하고 그냥 무난한거 삼그리고 놀고 있던 반투명 레닼라 끼고 rgb 색깔 넣을 생각에 싱글벙글 했는데씨발 저 무늬 뭐누..그냥 어제 배송 받은 제네시스 바로 조립 들어간다이검 심심할때 가끔 써야겠음
","/mgallery/board/view/?id=mouse&no=654816&search_head=0&page=6
"
[💭일반],하티플4k dpi 1600으로 써야 좋음?,ㅇㅇ,"
어디서 들었던거같아서
","/mgallery/board/view/?id=mouse&no=654815&search_head=0&page=6
"
[💭일반],헤이스트2 피트 엄청 미끄럽네,ㅇㅇ,"
도저히 적응 못 하겠어서 dpi 400 내렸다
","/mgallery/board/view/?id=mouse&no=654814&search_head=0&page=6
"
[💭일반],아 시발 사슴 채터링 당첨이네ㅋㅋ,뽀옵,"
처음에 노브 불량이라 문의한거 걍 어차피 노브 안쓰는거 반값 환불받고 땡쳤는데오늘 채터링 입갤해버림 아ㅋㅋ
","/mgallery/board/view/?id=mouse&no=654813&search_head=0&page=6
"
[💭일반],잠자리 제일싼곳이 어디임???,ㅇㅇ,"
특가 지나갔나? moba 사고싶은디 
","/mgallery/board/view/?id=mouse&no=654812&search_head=0&page=6
"
[💭일반],중저가 주변기기 소모품류는 짱깨가 미래다,ㅇㅇ,"
ㄹㅇ ㅋㅋㅋㅋ컴은 대만이고 ㅇㅈ?빨리 잠자리 와라 후우 기다리기 힘드노
","/mgallery/board/view/?id=mouse&no=654811&search_head=0&page=6
"
[💭일반],게임센스 레이더랑 비슷한패드 추천점,ㅇㅇ,"
이거 좋은데 2주쓰니가 보풀 너무올라와서 족같음,,비슷한데 보풀없는거 추천해주라
","/mgallery/board/view/?id=mouse&no=654810&search_head=0&page=6
"
[💭일반],ㅌㅁ 지슈라 1 특가 133100원,ㅇㅇ,"
빨간색 재고 생각보다 없길래 탓음 나는 
","/mgallery/board/view/?id=mouse&no=654809&search_head=0&page=6
"
[💭일반],잠자리 울트라에서 화웨이칩이라는데,ㅇㅇ,"
거기서 빔을 발사해서 개인정보가 나와서 가지고 간다는게 트루?
","/mgallery/board/view/?id=mouse&no=654808&search_head=0&page=6
"
[💭일반],우팅 내일온다,ㅇㅇ,"
커스텀 딱 대
","/mgallery/board/view/?id=mouse&no=654806&search_head=0&page=6
"
[💭일반],102 마우스 완전 편하면 지슈라가 맞지? 형아들?,ㅇㅇ,"
페프로3 이랑 지슈라2 너무 고민대
","/mgallery/board/view/?id=mouse&no=654804&search_head=0&page=6
"
[💭일반],선생님들 장패드 추천 가능하신가여,챙겨,"
마갤 종결 장패드 추천 부탁드립니다 ㅠㅠ루트슈터, 레데리, 발더스게이트 같은 겜 합니당
","/mgallery/board/view/?id=mouse&no=654803&search_head=0&page=6
"
[💭일반],펄사x2v2삿다!!! 근데,바보,"
 얘문제점이머잇다던데 머임??
","/mgallery/board/view/?id=mouse&no=654801&search_head=0&page=6
"
[💭일반],한 마우스 쓸때마다 키보드가 먹통이 되는데 왜그런거임?,ㅇㅇ,"
타자가 일단 안쳐지고 윈도우 설정창만 ㅈㄴ 열림 다른 마우스 쓰면 바로 해결됨 마우스 정품임 
","/mgallery/board/view/?id=mouse&no=654800&search_head=0&page=6
"
[💭일반],잠자리 moba랑 4k 정발동글이랑 호환안댐?,ㅇㅇ,"
마우스 왼쪽 오른쪽 누르고있으면 창뜬다고 나오는데아무것도 안되네혹시 연결법 아는사람 있나
","/mgallery/board/view/?id=mouse&no=654799&search_head=0&page=6
"
[💭일반],오로치 있는데 비누 사야되나,ㅇㅇ,"
결제 직전까지 갔다가 포기만 몇번했네오로치 있는데 비누를 살까오로치도 잘 안쓰는데
","/mgallery/board/view/?id=mouse&no=654798&search_head=0&page=6
"
[💭일반],800x400 정도되는 장패드 추천좀 해주세요,ㅇㅇ,"
책상이 작아서 가로 800은 필히 지켜야함...용도는 fps 롤 여러가지 다하고 뻑뻑하지않고 부드러웠으면 좋겠습니다.아무 장패드나 샀더니 고무냄새가 한달넘게 안빠져서 머리가 너무 아프네요...
","/mgallery/board/view/?id=mouse&no=654797&search_head=0&page=6
"
[💭일반],짱깨의 장점이 뭔지알아?,ㅇㅇ,"
2 이미지 순서 ON바로 브랜드 감성을 부셔서 아예 업계에 대해 흥미를 잃어버리게 만드는거임.마우스 카피제품이 꼴랑 4~5만원에 물량 쏟아지는데이쯤되면 '대체 마우스는 왜케 거품가가 높은거지?'하는 사유를 하게 만드는거야3 이미지 순서 ON물론 마우스야 손으로 잡는거다보니 사실상 재질,코팅 그리고 사후as의 차이가 그나마 비싼 마우스 사는 정당성을 부여하긴하는데고가의 시계시장은 아예 짱깨가 부셔놨다고 봐도 무방함.이를테면 롤렉스는 아예 짭이 더 품질좋고 시계장인도 감정이 불가할정도로 정교하고 퀄리티높음.근데 가격은 10분의1수준임.ㅋㅋ이쯤되면 롤렉스를 찐으로 사야될 이유가 없어지는거지.짭이 퀄리티 더좋고 찐과 구분도 불가능할정돈데 가격은 10분의1수준이면 그게 원래 가격인거현실이 이러면 사람들이 정신 차릴때가 됐다고 봄. 굳이 명품(?)이라는 그 사치에 큰돈 쓸필요가 무엇일까 철학적인 사유를 함 해봐야됨.아래 두 기사 참조하고 씀.'왜 가난한 사람도 아이폰을 쓸까?'https://n.news.naver.com/mnews/article/009/0004219772?sid=001 [Case Study] 왜 가난한 사람도 아이폰을 사는가`소속감`이라는 사회적 만족을 겨냥 삼성보다 약 5배 높은 이익의 비결 A씨는 가난하다. 홀어머니와 함께 살고, 최저임금을 받는 직장에 아침 9시부터 저녁 6시까지 다닌다. 밤에는 대리기사 아르바이트. 결혼도 하지n.news.naver.com'아이폰 타령하는 20대 요금연체 제일 많아'https://n.news.naver.com/mnews/article/016/0002205150 “삼성 쓰면 왕따?” 비싼 아이폰 타령만 하더니… 20대 요금 연체 속출“아이폰 사려고, 비싼 요금제에 가입 결국 탈났다?” 휴대전화요금을 연체하거나 미납한 사람 상당수가 20대인 것으로 나타났다. 요금을 연체할 경우 신용점수 하락 등으로 이어지면서 신용불량자가 될 수도 있다. 업계에선n.news.naver.com
","/mgallery/board/view/?id=mouse&no=654796&search_head=0&page=6
"
[💭일반],오늘도 ㅇㅇㅋㅅ는 1승을 챙기는구나,0.0,"
무조건 새제품 교환 1승 꺼억근데 잠자리 정발가는 ^^ 
","/mgallery/board/view/?id=mouse&no=654795&search_head=0&page=6
"
[💭일반],지슈라 LOD값 못바꿈?,ㅇㅇ,"
레이저 견이라서 잘모름
","/mgallery/board/view/?id=mouse&no=654794&search_head=0&page=6
"
[💭일반],지슈라보다 클릭압 낮은 마우스,ㅇㅇ,"
뭐있음?손가락존나아프네 G102로 돌아가야하나 G304 함 써봐야하나레이저는 ㄴㄴ
","/mgallery/board/view/?id=mouse&no=654793&search_head=0&page=6
"
[💭일반],x2v2이거 왜냈냐?,ㅇㅇ,"
프리트래블도 못잡고v2는 왜붙임씨발ㅋㅋ
","/mgallery/board/view/?id=mouse&no=654791&search_head=0&page=6
"
[💭일반],데브삼 그립테이프,ㅇㅇ,"
데스에더v3 프로 사면 포함되어잇는 그립테이프 이거만 따로 구매가능한가요?찾아봐도 파는곳이 없네요 v2모델은 파는거같은데 흠그립테이프 때문에 페브삼 안사고 데브삼 기다리는중 ㅠㅠ따로 파는거 찾으면 페브삼에 그립테이프 붙일거에요
","/mgallery/board/view/?id=mouse&no=654790&search_head=0&page=6
"
[💭일반],손크면 데브삼이 맞는거같다,ㅇㅇ,"
1 이미지 순서 ON2 이미지 순서 ON3 이미지 순서 ON4 이미지 순서 ON잡자마자 느낌왔음 
","/mgallery/board/view/?id=mouse&no=654789&search_head=0&page=6
"
[💭일반],중고로 마우스 새로 삿다,ㅇㅇ,"
4년 쓴 지무선 빠때리가 많이 짧아져서 중고나라에서 데스에서 v3 pro 적당한거 삿음빠때리 교환해보고 싶은데 분해하다가 아예 조질까봐 걱정되서 새 데스에더나 경험해보자 싶어서 삿다
","/mgallery/board/view/?id=mouse&no=654788&search_head=0&page=6
"
[💭일반],지무선 아직 현역인가,ㅇㅇ,"
지슈라보다 지무선이 좋은거 같은데 오래돼서 새로 사려는데 지금 사기 좀 그런가클릭압은 어떰 요즘 나오는 지무선은 지슈라랑 똑같다는 말이 있던데 맞음? 
","/mgallery/board/view/?id=mouse&no=654787&search_head=0&page=6
"
[💭일반],조위 마우스 lod 질문점,matsuda,"
기본값도 낮은편임? 아니먄 그냥 낮음으로 쓰는게 조음?  - dc official App
","/mgallery/board/view/?id=mouse&no=654784&search_head=0&page=6
"
[💭일반],쿠거 에어블레이더 쓸만해짐,ㅇㅇ,"
예전에 일렉트로마트에서 쥐어보고 집와서 바로 주문했었다문제는 클릭압 겁나높음 쫌만겜해도 손가락관절 아파져서 처박아둔지 2년쯤 됨근데 갤보니까 에어블레이더 토너먼트? 후속 나왔고 클릭압 나아졌다길래 봤는데 사긴 돈아깝더라쉘비슷한 다른마우스 찾아보다가 클릭압이나 낮추는방법 있나 해서 보니깐 안에 스프링 넣어놓은 구조라더라고바로 분해해서 스프링 빼버리니까 클릭압 낮아졌고 그상태로 겜 두시간 했는데 손가락 안아픔무거운거만 빼면 102가 손에 맞았는데 가벼운 유사102 생겼으니까 이제 마우스로 고민안할듯근데 돌아가서 다시사라고하면 안삼..
","/mgallery/board/view/?id=mouse&no=654782&search_head=0&page=6
"
[💭일반],레이좆 하이퍼동글 네이버최저가로 검색하면 ㅈㅁㅋ 40500에팜,ㅇㅇ,"
똑같은 공식스토어임 돈 더들여서 45000에 사는 호구되지말자
","/mgallery/board/view/?id=mouse&no=654781&search_head=0&page=6
"
[💭일반],선생님들 아수스터프 유선 괜찮나요? ㅠㅠ,챙겨,"
현재 헤이스트2 주력으로 쓰는데할인 끝나서 7만원이나 하네요 ㅠ_ㅠ4.5에 샀었던지라 7만이나 주고 또 사고 싶진 않아서 좀 가벼운 마우스 찾아보는데아수스 터프가 저렴한 가격에서 그나마 좀 가볍네요.반응속도나 사용감 괜찮을까요?유선 선호해서 유선 마우스 구매하려 합니다 ㅠㅠ
","/mgallery/board/view/?id=mouse&no=654780&search_head=0&page=7
"
[💭일반],람주 쏜 vs xe무,ㅇㅇ,"
팜클로 17.8 9.7 9.4손에 꽉 차면 좋겠는데 너네 같으면 머삼? 
","/mgallery/board/view/?id=mouse&no=654779&search_head=0&page=7
"
[💭일반],마패 졸업 개좋다,샴블즈,"
배그 서든 옵치 리드샷 스무스하고 블킹 딱딱 되고 ㅋㅋㅋㅋㅋㅋg102 지슈라인데 속궁합 찰떡임ㅋㅋㅋㅋㅋ 아 시발 사랑해 9900원 졸업 ㅅㅅ앞으로 이거만 살듯 
","/mgallery/board/view/?id=mouse&no=654778&search_head=0&page=7
"
[💭일반],그립법 사진찍어두는거 효과좋네영,맹공,"
시험공부하다 오랜만에 지슈라잡아서 또 먼가 어색하고 그랫는대 사진 여러각도로 찍어놓은거 보고 그대로 수정하니까 다시 딱잡히고 잘맞아 손가락 하나하나 위치세팅 그대로해야 딱맞더라궁 
","/mgallery/board/view/?id=mouse&no=654777&search_head=0&page=7
"
[💭일반],아컨플하고 잘 맞는 마우스 있음?,ㅇㅇ,"
추천좀
","/mgallery/board/view/?id=mouse&no=654776&search_head=0&page=7
"
[💭일반],인생셋 다 맞췄는데 마패는 싼거쓰거든 센큐 가성비패드?,ㅇㅇ,"
패드차이많음?
","/mgallery/board/view/?id=mouse&no=654775&search_head=0&page=7
"
[💭일반],글좆 네이밍 법칙이 이거라던데,ㅇㅇ,"
odin 그럼 n은 뭐냐 
","/mgallery/board/view/?id=mouse&no=654774&search_head=0&page=7
"
[💭일반],비누 하나더살까,ㅇㅇ,"
같은마우스 두개사는건 마우스질 역사상 처음인데살까돈아껴야되는 고난달인데 아
","/mgallery/board/view/?id=mouse&no=654773&search_head=0&page=7
"
[💭일반],마패 추천 가능?,ㅇㅇ,"
지슈라 고장난 김에 잠자리 샀고 gsr도 이제 수명 다 된 것 같아서지금 보니까 펄사가 할인하길래 이거 사볼까 하는데 어떰?브레이크 슬라이드 밸런스 용어는 아는데 고가형 패드는 gsr만 써보고 그 전에는 장패드만 써봐서 뭐 써보면 좋을까게임은 에펙만 함
","/mgallery/board/view/?id=mouse&no=654772&search_head=0&page=7
"
[💭일반],오로치 잘쓰고잇으면 굳이 비누 살 필요없겟지?,ㅇㅇ,"
오로치 잘쓰고잇으면 굳이 비누 살 필요없겟지?딱히 무겁다는 느낌없는데
","/mgallery/board/view/?id=mouse&no=654771&search_head=0&page=7
"
[💭일반],혹시 비누 온보드 메모리 있음?,ㅇㅇ,"
소프트웨어에서 설정하고 지워도 유지되는가
","/mgallery/board/view/?id=mouse&no=654768&search_head=0&page=7
"
[💭일반],바보삼 바스맨끼고 바로 4k로 올린다 ㅋㅋㅋㅋ,ㅇㅇ,"
건전지 좆까 ㅋㅋㅋ
","/mgallery/board/view/?id=mouse&no=654766&search_head=0&page=7
"
[💭일반],로지텍 304슈라 단종이노,jkr5814,"
환불아님 g pro로바꿔준다는게 걍 환불이맞나?  - dc official App
","/mgallery/board/view/?id=mouse&no=654765&search_head=0&page=7
"
[💭일반],밴서 캐스터는 왤케 리뷰 없냐?,ㅇㅇ,"
파마무쉘이라 인기 많을거같은데
","/mgallery/board/view/?id=mouse&no=654764&search_head=0&page=7
"
[💭일반],사슴 15.9 살만한가,ㅇㅇ,"
광군절 기다리긴 싫은데 
","/mgallery/board/view/?id=mouse&no=654763&search_head=0&page=7
"
[💭일반],헌츠맨 아날 미니 12만이네,클립용,"
포인트 있는 거까지 쓰면 8만원 나오는데 k65 rgb 미니 잘 쓰고 있어서 굳이 사진 않을듯 
","/mgallery/board/view/?id=mouse&no=654762&search_head=0&page=7
"
[💭일반],vgn 자석축 키보드 정보 나온거 있냐?,ㅇㅇ,"
 - dc official App
","/mgallery/board/view/?id=mouse&no=654761&search_head=0&page=7
"
[💭일반],사슴 써본사람 질문!!(키압),ㅇㅇ,"
지금 k70 tkl 은축 쓰는데, 사슴 사보려고 합니당.키압 어떤가요? 손가락 걸쳐도 입력되고 그런가용.
","/mgallery/board/view/?id=mouse&no=654760&search_head=0&page=7
"
[💭일반],마우스 이런 문젠 어케 해결하나요?,ㅇㅇ,"
오늘 x2h 왔는데마우스 여러개 써보면서도 처음 겪는 느낌이라..찌걱임 비슷하면서도 클릭을 하면서 뭔가 안전 방아쇠 같이한번 걸치고 클릭 되는 느낌인데원래 유격은 있는거 같아서 유격문제는 아닌거 같은데..fps할려고 샀는데안전 방아쇠 까지 마우스가 구현을 해 놓을 줄이야..
","/mgallery/board/view/?id=mouse&no=654759&search_head=0&page=7
"
[💭일반],하티플 소프트웨어,ㅇㅇ,"
ㅈㄴ 돈값 못하네이게 어떻게 20만원대 마우스 소프트웨어지오류도 존나 많고 에휴...로지텍 소프트웨어가 진짜 최고긴 하다...
","/mgallery/board/view/?id=mouse&no=654758&search_head=0&page=7
"
[💭일반],씹덕패드 왔당,ㅇㅇ,"
혐냥이는 가렸어- dc official App
","/mgallery/board/view/?id=mouse&no=654757&search_head=0&page=7
"
[💭일반],조위 무선 쓰는 게이 들어와봐,ㅇㅇ,"
그냥 조위마우스인데 무선임? 조위마우스에 굉장히 좋은 인상이랑 추억이 있는데 그냥 사면 됨? 
","/mgallery/board/view/?id=mouse&no=654756&search_head=0&page=7
"
[💭일반],울트라 브레이크 피트 써보신분 있나요?,ㅇㅇ,"
코패컨보다 훨씬 블킹하려나요?
","/mgallery/board/view/?id=mouse&no=654754&search_head=0&page=7
"
[💭일반],이거 사면 돼요?,ㅇㅅㅇ,"
ㅌㅁ이 제일싼가프로맥스?
","/mgallery/board/view/?id=mouse&no=654753&search_head=0&page=7
"
[💭일반],바이퍼 얼티메이트 뚜따,ㅇㅇ,"
바이퍼 얼티메이트 쓰는 중인데 좌우 고무가 너무 거슬려서바이퍼 v2 프로 상부 쉘 갖다 끼우는 거 고민중인데 가능할까? 나사 자리 맞고 각종 부품 뚜따해서 호환가능하게 할 수 있는지 알려줘지금 임시로 마우스 고무 필름지 붙여뒀는데 이것도 영 불편하네
","/mgallery/board/view/?id=mouse&no=654752&search_head=0&page=7
"
[💭일반],조위기어 기본 lod값도 낮은편임?,ㅇㅇ,"
ㅇㅇ? 궁금쓰  - dc official App
","/mgallery/board/view/?id=mouse&no=654751&search_head=0&page=7
"
[💭일반],VGN 자석축 키보드 정보 어디서 볼수 있음???,ㅇㅇ,"
링크있으신 형님ㅁ들 링크점여 ㅠ퓨ㅠ
","/mgallery/board/view/?id=mouse&no=654750&search_head=0&page=7
"
[💭일반],카일 저소음 스위치 정품 vs 가품,ㅇㅇ,"
카일 저소음 마우스 스위치인데 번장에서 팔더라고요정품은 아니라고 하던데정품 가품 차이 클까요. 10개 5500원 택포 7300인데 어떠신가요
","/mgallery/board/view/?id=mouse&no=654749&search_head=0&page=7
"
[💭일반],벡시 이번 한정 마패 쭉 팔아주면 좋겠다,ㅇㅇ,"
프린팅도 깔끔하게 잘나왔고 디자인도 이쁘고한정 아니였으면 진짜 꾸준하게 잘팔릴거 같은데
","/mgallery/board/view/?id=mouse&no=654748&search_head=0&page=7
"
[💭일반],aaaa건전지 어떤가요?,ㅇㅇ,"
다이소 9볼트 미니초코바 배터리 분해 하면,  aaaa6개,나온데요  저거 쓰면 어떤가요?  aaaa 무게는 6그람 aaa는 12그람 9볼트 건저지 분해요령은 다음링크 참고 https://m.blog.naver.com/sadds/222044924423  - dc official App
","/mgallery/board/view/?id=mouse&no=654747&search_head=0&page=7
"
[💭일반],이마트가 인터넷 정품 최저가보다 싸네,ㅇㅇ,"
그냥 만져볼 겸 배송비나 아껴보려고 가본 건데 뭐지
","/mgallery/board/view/?id=mouse&no=654746&search_head=0&page=7
"
[💭일반],님들 아컨플 커스텀패드하는거,ㅇㅇ,"
스카이패드 유메 일러스트로 신청하면 빠꾸먹음?  
","/mgallery/board/view/?id=mouse&no=654745&search_head=0&page=7
"
[💭일반],g304 90그람이나 되었네,ㅇㅇ,"
좆나 무겁구만  - dc official App
","/mgallery/board/view/?id=mouse&no=654744&search_head=0&page=7
"
[💭일반],게이밍 바자회 아티산 판매 리스트,ㅇㅇ,"
그냥 시덴카이랑 diy용 러버만 주워오면 될듯굳이 추가하면 제로?
","/mgallery/board/view/?id=mouse&no=654743&search_head=0&page=7
"
[💭일반],레이저는 지허브 처럼 게임인식 없음?,ㅇㅇ,"
지슈라 g703 쓰면서 게임마다 dpi 설정 다 되서키면 알아서 인식되고 겁나 편하던데레이저 데브삼 사서 시냅스인가 깔았는데 따로 그런거 안보이던데지허브 처럼 게임별로 dpi 설정하고 게임 키면 자동으로 바뀌는거 있음??
","/mgallery/board/view/?id=mouse&no=654742&search_head=0&page=7
"
[💭일반],엠스톤 이런데꺼는 리듬게임 아니여도 느림??,ㅇㅇ,"
걍 키감 원툴같긴한데얘네들로 게임하는건 무리임??물론 리듬겜은 안하는데 기판ㅄ이면 걍 일반적인 다른 겜들도 ㅈㄴ 씹힐거같은데
","/mgallery/board/view/?id=mouse&no=654741&search_head=0&page=7
"
[💭일반],17.5 9.5 10  클릭압 조금 낮은 팜클로 마우스 추천좀요,ㅇㅅㅇ,"
남자치고 손작은편 fps위주로 합니다그에 맞는 패드도 추천 부탁드립니다제발요np-01s 는 추천 받았는데 다른 모델도 해주세요최소 2~3개는 구매할 거에여 
","/mgallery/board/view/?id=mouse&no=654740&search_head=0&page=7
"
[💭일반],장패드 들뜨는거 어캐폄??,ㅇㅇ,"
장패드 마우스 휘두르는 쪽이 들떠있는데 어캐폄??
","/mgallery/board/view/?id=mouse&no=654738&search_head=0&page=7
"
[💭일반],알팅스 병신인데 왜 믿는거임..?(키보드),ㅇㅇ,"
알팅스 자체가 키보드 테스트 프로그램이 예전꺼고 정확하지 않다고 외국 유튜버들도 다 말하는데 알팅스를 왜 믿는거임 ??..?
","/mgallery/board/view/?id=mouse&no=654737&search_head=0&page=7
"
[💭일반],g304에서 잠자리가면 업글임?,ㅇㅇ,"
g304에서 잠자리가면 업글임?- dc official App
","/mgallery/board/view/?id=mouse&no=654736&search_head=0&page=7
"
[💭일반],자석축 채터링 이슈 언젠가 해결될까?,우정훈,"
사실상 래피드트래거 광축은 불가능해보이고자석축은 그나마 나아보이는데자석축도 0.X mm만큼 예민하게 반응하니까 문제가 생기는건지 채터링이슈잇는 모델들이 많고사용할수록 채터링 터질 가능성이 높다는거보니이게 해결법이 있는건가싶고
","/mgallery/board/view/?id=mouse&no=654735&search_head=0&page=7
"
[💭일반],지슈라 마우스 스위치 교체할건데 클릭압 낮은거 추천좀,ㅇㅇ,"
아는사람은 ttc 방진골드 30m가 좋다는데 어떰?
","/mgallery/board/view/?id=mouse&no=654734&search_head=0&page=7
"
